[0.103s] DEBUG:colcon:Command line arguments: ['/usr/bin/colcon', 'build']
[0.103s] DEBUG:colcon:Parsed command line arguments: Namespace(log_base=None, log_level=None, verb_name='build', build_base='build', install_base='install', merge_install=False, symlink_install=False, test_result_base=None, continue_on_error=False, executor='parallel', parallel_workers=4, event_handlers=None, ignore_user_meta=False, metas=['./colcon.meta'], base_paths=['.'], packages_ignore=None, packages_ignore_regex=None, paths=None, packages_up_to=None, packages_up_to_regex=None, packages_above=None, packages_above_and_dependencies=None, packages_above_depth=None, packages_select_by_dep=None, packages_skip_by_dep=None, packages_skip_up_to=None, packages_select_build_failed=False, packages_skip_build_finished=False, packages_select_test_failures=False, packages_skip_test_passed=False, packages_select=None, packages_skip=None, packages_select_regex=None, packages_skip_regex=None, packages_start=None, packages_end=None, allow_overriding=[], cmake_args=None, cmake_target=None, cmake_target_skip_unavailable=False, cmake_clean_cache=False, cmake_clean_first=False, cmake_force_configure=False, ament_cmake_args=None, catkin_cmake_args=None, catkin_skip_building_tests=False, verb_parser=<colcon_defaults.argument_parser.defaults.DefaultArgumentsDecorator object at 0x7a3809c81910>, verb_extension=<colcon_core.verb.build.BuildVerb object at 0x7a3809c81670>, main=<bound method BuildVerb.main of <colcon_core.verb.build.BuildVerb object at 0x7a3809c81670>>)
[0.139s] Level 1:colcon.colcon_core.package_discovery:discover_packages(colcon_meta) check parameters
[0.139s] Level 1:colcon.colcon_core.package_discovery:discover_packages(recursive) check parameters
[0.139s] Level 1:colcon.colcon_core.package_discovery:discover_packages(ignore) check parameters
[0.139s] Level 1:colcon.colcon_core.package_discovery:discover_packages(path) check parameters
[0.140s] Level 1:colcon.colcon_core.package_discovery:discover_packages(colcon_meta) discover
[0.140s] Level 1:colcon.colcon_core.package_discovery:discover_packages(recursive) discover
[0.140s] INFO:colcon.colcon_core.package_discovery:Crawling recursively for packages in '/home/atwork/limo_3.0'
[0.140s] Level 1:colcon.colcon_core.package_identification:_identify(.) by extensions ['ignore', 'ignore_ament_install']
[0.140s] Level 1:colcon.colcon_core.package_identification:_identify(.) by extension 'ignore'
[0.140s] Level 1:colcon.colcon_core.package_identification:_identify(.) by extension 'ignore_ament_install'
[0.140s] Level 1:colcon.colcon_core.package_identification:_identify(.) by extensions ['colcon_pkg']
[0.140s] Level 1:colcon.colcon_core.package_identification:_identify(.) by extension 'colcon_pkg'
[0.140s] Level 1:colcon.colcon_core.package_identification:_identify(.) by extensions ['colcon_meta']
[0.140s] Level 1:colcon.colcon_core.package_identification:_identify(.) by extension 'colcon_meta'
[0.140s] Level 1:colcon.colcon_core.package_identification:_identify(.) by extensions ['ros']
[0.140s] Level 1:colcon.colcon_core.package_identification:_identify(.) by extension 'ros'
[0.165s] Level 1:colcon.colcon_core.package_identification:_identify(.) by extensions ['cmake', 'python']
[0.165s] Level 1:colcon.colcon_core.package_identification:_identify(.) by extension 'cmake'
[0.165s] Level 1:colcon.colcon_core.package_identification:_identify(.) by extension 'python'
[0.165s] Level 1:colcon.colcon_core.package_identification:_identify(.) by extensions ['python_setup_py']
[0.165s] Level 1:colcon.colcon_core.package_identification:_identify(.) by extension 'python_setup_py'
[0.165s] Level 1:colcon.colcon_core.package_identification:_identify(build) by extensions ['ignore', 'ignore_ament_install']
[0.165s] Level 1:colcon.colcon_core.package_identification:_identify(build) by extension 'ignore'
[0.165s] Level 1:colcon.colcon_core.package_identification:_identify(build) ignored
[0.166s] Level 1:colcon.colcon_core.package_identification:_identify(config) by extensions ['ignore', 'ignore_ament_install']
[0.166s] Level 1:colcon.colcon_core.package_identification:_identify(config) by extension 'ignore'
[0.166s] Level 1:colcon.colcon_core.package_identification:_identify(config) by extension 'ignore_ament_install'
[0.166s] Level 1:colcon.colcon_core.package_identification:_identify(config) by extensions ['colcon_pkg']
[0.166s] Level 1:colcon.colcon_core.package_identification:_identify(config) by extension 'colcon_pkg'
[0.166s] Level 1:colcon.colcon_core.package_identification:_identify(config) by extensions ['colcon_meta']
[0.166s] Level 1:colcon.colcon_core.package_identification:_identify(config) by extension 'colcon_meta'
[0.166s] Level 1:colcon.colcon_core.package_identification:_identify(config) by extensions ['ros']
[0.166s] Level 1:colcon.colcon_core.package_identification:_identify(config) by extension 'ros'
[0.166s] Level 1:colcon.colcon_core.package_identification:_identify(config) by extensions ['cmake', 'python']
[0.166s] Level 1:colcon.colcon_core.package_identification:_identify(config) by extension 'cmake'
[0.166s] Level 1:colcon.colcon_core.package_identification:_identify(config) by extension 'python'
[0.166s] Level 1:colcon.colcon_core.package_identification:_identify(config) by extensions ['python_setup_py']
[0.166s] Level 1:colcon.colcon_core.package_identification:_identify(config) by extension 'python_setup_py'
[0.166s] Level 1:colcon.colcon_core.package_identification:_identify(install) by extensions ['ignore', 'ignore_ament_install']
[0.166s] Level 1:colcon.colcon_core.package_identification:_identify(install) by extension 'ignore'
[0.166s] Level 1:colcon.colcon_core.package_identification:_identify(install) ignored
[0.167s] Level 1:colcon.colcon_core.package_identification:_identify(log) by extensions ['ignore', 'ignore_ament_install']
[0.167s] Level 1:colcon.colcon_core.package_identification:_identify(log) by extension 'ignore'
[0.167s] Level 1:colcon.colcon_core.package_identification:_identify(log) ignored
[0.167s] Level 1:colcon.colcon_core.package_identification:_identify(maps) by extensions ['ignore', 'ignore_ament_install']
[0.167s] Level 1:colcon.colcon_core.package_identification:_identify(maps) by extension 'ignore'
[0.167s] Level 1:colcon.colcon_core.package_identification:_identify(maps) by extension 'ignore_ament_install'
[0.167s] Level 1:colcon.colcon_core.package_identification:_identify(maps) by extensions ['colcon_pkg']
[0.167s] Level 1:colcon.colcon_core.package_identification:_identify(maps) by extension 'colcon_pkg'
[0.167s] Level 1:colcon.colcon_core.package_identification:_identify(maps) by extensions ['colcon_meta']
[0.167s] Level 1:colcon.colcon_core.package_identification:_identify(maps) by extension 'colcon_meta'
[0.167s] Level 1:colcon.colcon_core.package_identification:_identify(maps) by extensions ['ros']
[0.167s] Level 1:colcon.colcon_core.package_identification:_identify(maps) by extension 'ros'
[0.167s] Level 1:colcon.colcon_core.package_identification:_identify(maps) by extensions ['cmake', 'python']
[0.167s] Level 1:colcon.colcon_core.package_identification:_identify(maps) by extension 'cmake'
[0.167s] Level 1:colcon.colcon_core.package_identification:_identify(maps) by extension 'python'
[0.167s] Level 1:colcon.colcon_core.package_identification:_identify(maps) by extensions ['python_setup_py']
[0.167s] Level 1:colcon.colcon_core.package_identification:_identify(maps) by extension 'python_setup_py'
[0.167s] Level 1:colcon.colcon_core.package_identification:_identify(src) by extensions ['ignore', 'ignore_ament_install']
[0.168s] Level 1:colcon.colcon_core.package_identification:_identify(src) by extension 'ignore'
[0.168s] Level 1:colcon.colcon_core.package_identification:_identify(src) by extension 'ignore_ament_install'
[0.168s] Level 1:colcon.colcon_core.package_identification:_identify(src) by extensions ['colcon_pkg']
[0.168s] Level 1:colcon.colcon_core.package_identification:_identify(src) by extension 'colcon_pkg'
[0.168s] Level 1:colcon.colcon_core.package_identification:_identify(src) by extensions ['colcon_meta']
[0.168s] Level 1:colcon.colcon_core.package_identification:_identify(src) by extension 'colcon_meta'
[0.168s] Level 1:colcon.colcon_core.package_identification:_identify(src) by extensions ['ros']
[0.168s] Level 1:colcon.colcon_core.package_identification:_identify(src) by extension 'ros'
[0.168s] Level 1:colcon.colcon_core.package_identification:_identify(src) by extensions ['cmake', 'python']
[0.168s] Level 1:colcon.colcon_core.package_identification:_identify(src) by extension 'cmake'
[0.168s] Level 1:colcon.colcon_core.package_identification:_identify(src) by extension 'python'
[0.168s] Level 1:colcon.colcon_core.package_identification:_identify(src) by extensions ['python_setup_py']
[0.168s] Level 1:colcon.colcon_core.package_identification:_identify(src) by extension 'python_setup_py'
[0.168s] Level 1:colcon.colcon_core.package_identification:_identify(src/PlayStation-JoyInterface-ROS2) by extensions ['ignore', 'ignore_ament_install']
[0.168s] Level 1:colcon.colcon_core.package_identification:_identify(src/PlayStation-JoyInterface-ROS2) by extension 'ignore'
[0.168s] Level 1:colcon.colcon_core.package_identification:_identify(src/PlayStation-JoyInterface-ROS2) by extension 'ignore_ament_install'
[0.168s] Level 1:colcon.colcon_core.package_identification:_identify(src/PlayStation-JoyInterface-ROS2) by extensions ['colcon_pkg']
[0.168s] Level 1:colcon.colcon_core.package_identification:_identify(src/PlayStation-JoyInterface-ROS2) by extension 'colcon_pkg'
[0.168s] Level 1:colcon.colcon_core.package_identification:_identify(src/PlayStation-JoyInterface-ROS2) by extensions ['colcon_meta']
[0.168s] Level 1:colcon.colcon_core.package_identification:_identify(src/PlayStation-JoyInterface-ROS2) by extension 'colcon_meta'
[0.168s] Level 1:colcon.colcon_core.package_identification:_identify(src/PlayStation-JoyInterface-ROS2) by extensions ['ros']
[0.169s] Level 1:colcon.colcon_core.package_identification:_identify(src/PlayStation-JoyInterface-ROS2) by extension 'ros'
[0.169s] Level 1:colcon.colcon_core.package_identification:_identify(src/PlayStation-JoyInterface-ROS2) by extensions ['cmake', 'python']
[0.169s] Level 1:colcon.colcon_core.package_identification:_identify(src/PlayStation-JoyInterface-ROS2) by extension 'cmake'
[0.169s] Level 1:colcon.colcon_core.package_identification:_identify(src/PlayStation-JoyInterface-ROS2) by extension 'python'
[0.169s] Level 1:colcon.colcon_core.package_identification:_identify(src/PlayStation-JoyInterface-ROS2) by extensions ['python_setup_py']
[0.169s] Level 1:colcon.colcon_core.package_identification:_identify(src/PlayStation-JoyInterface-ROS2) by extension 'python_setup_py'
[0.169s] Level 1:colcon.colcon_core.package_identification:_identify(src/PlayStation-JoyInterface-ROS2/media) by extensions ['ignore', 'ignore_ament_install']
[0.169s] Level 1:colcon.colcon_core.package_identification:_identify(src/PlayStation-JoyInterface-ROS2/media) by extension 'ignore'
[0.169s] Level 1:colcon.colcon_core.package_identification:_identify(src/PlayStation-JoyInterface-ROS2/media) by extension 'ignore_ament_install'
[0.169s] Level 1:colcon.colcon_core.package_identification:_identify(src/PlayStation-JoyInterface-ROS2/media) by extensions ['colcon_pkg']
[0.169s] Level 1:colcon.colcon_core.package_identification:_identify(src/PlayStation-JoyInterface-ROS2/media) by extension 'colcon_pkg'
[0.169s] Level 1:colcon.colcon_core.package_identification:_identify(src/PlayStation-JoyInterface-ROS2/media) by extensions ['colcon_meta']
[0.169s] Level 1:colcon.colcon_core.package_identification:_identify(src/PlayStation-JoyInterface-ROS2/media) by extension 'colcon_meta'
[0.169s] Level 1:colcon.colcon_core.package_identification:_identify(src/PlayStation-JoyInterface-ROS2/media) by extensions ['ros']
[0.169s] Level 1:colcon.colcon_core.package_identification:_identify(src/PlayStation-JoyInterface-ROS2/media) by extension 'ros'
[0.169s] Level 1:colcon.colcon_core.package_identification:_identify(src/PlayStation-JoyInterface-ROS2/media) by extensions ['cmake', 'python']
[0.169s] Level 1:colcon.colcon_core.package_identification:_identify(src/PlayStation-JoyInterface-ROS2/media) by extension 'cmake'
[0.169s] Level 1:colcon.colcon_core.package_identification:_identify(src/PlayStation-JoyInterface-ROS2/media) by extension 'python'
[0.169s] Level 1:colcon.colcon_core.package_identification:_identify(src/PlayStation-JoyInterface-ROS2/media) by extensions ['python_setup_py']
[0.169s] Level 1:colcon.colcon_core.package_identification:_identify(src/PlayStation-JoyInterface-ROS2/media) by extension 'python_setup_py'
[0.170s] Level 1:colcon.colcon_core.package_identification:_identify(src/PlayStation-JoyInterface-ROS2/p9n) by extensions ['ignore', 'ignore_ament_install']
[0.170s] Level 1:colcon.colcon_core.package_identification:_identify(src/PlayStation-JoyInterface-ROS2/p9n) by extension 'ignore'
[0.170s] Level 1:colcon.colcon_core.package_identification:_identify(src/PlayStation-JoyInterface-ROS2/p9n) by extension 'ignore_ament_install'
[0.170s] Level 1:colcon.colcon_core.package_identification:_identify(src/PlayStation-JoyInterface-ROS2/p9n) by extensions ['colcon_pkg']
[0.170s] Level 1:colcon.colcon_core.package_identification:_identify(src/PlayStation-JoyInterface-ROS2/p9n) by extension 'colcon_pkg'
[0.170s] Level 1:colcon.colcon_core.package_identification:_identify(src/PlayStation-JoyInterface-ROS2/p9n) by extensions ['colcon_meta']
[0.170s] Level 1:colcon.colcon_core.package_identification:_identify(src/PlayStation-JoyInterface-ROS2/p9n) by extension 'colcon_meta'
[0.170s] Level 1:colcon.colcon_core.package_identification:_identify(src/PlayStation-JoyInterface-ROS2/p9n) by extensions ['ros']
[0.170s] Level 1:colcon.colcon_core.package_identification:_identify(src/PlayStation-JoyInterface-ROS2/p9n) by extension 'ros'
[0.172s] DEBUG:colcon.colcon_core.package_identification:Package 'src/PlayStation-JoyInterface-ROS2/p9n' with type 'ros.ament_cmake' and name 'p9n'
[0.172s] Level 1:colcon.colcon_core.package_identification:_identify(src/PlayStation-JoyInterface-ROS2/p9n_bringup) by extensions ['ignore', 'ignore_ament_install']
[0.173s] Level 1:colcon.colcon_core.package_identification:_identify(src/PlayStation-JoyInterface-ROS2/p9n_bringup) by extension 'ignore'
[0.173s] Level 1:colcon.colcon_core.package_identification:_identify(src/PlayStation-JoyInterface-ROS2/p9n_bringup) by extension 'ignore_ament_install'
[0.173s] Level 1:colcon.colcon_core.package_identification:_identify(src/PlayStation-JoyInterface-ROS2/p9n_bringup) by extensions ['colcon_pkg']
[0.173s] Level 1:colcon.colcon_core.package_identification:_identify(src/PlayStation-JoyInterface-ROS2/p9n_bringup) by extension 'colcon_pkg'
[0.173s] Level 1:colcon.colcon_core.package_identification:_identify(src/PlayStation-JoyInterface-ROS2/p9n_bringup) by extensions ['colcon_meta']
[0.173s] Level 1:colcon.colcon_core.package_identification:_identify(src/PlayStation-JoyInterface-ROS2/p9n_bringup) by extension 'colcon_meta'
[0.173s] Level 1:colcon.colcon_core.package_identification:_identify(src/PlayStation-JoyInterface-ROS2/p9n_bringup) by extensions ['ros']
[0.173s] Level 1:colcon.colcon_core.package_identification:_identify(src/PlayStation-JoyInterface-ROS2/p9n_bringup) by extension 'ros'
[0.173s] DEBUG:colcon.colcon_core.package_identification:Package 'src/PlayStation-JoyInterface-ROS2/p9n_bringup' with type 'ros.ament_python' and name 'p9n_bringup'
[0.174s] Level 1:colcon.colcon_core.package_identification:_identify(src/PlayStation-JoyInterface-ROS2/p9n_example) by extensions ['ignore', 'ignore_ament_install']
[0.174s] Level 1:colcon.colcon_core.package_identification:_identify(src/PlayStation-JoyInterface-ROS2/p9n_example) by extension 'ignore'
[0.174s] Level 1:colcon.colcon_core.package_identification:_identify(src/PlayStation-JoyInterface-ROS2/p9n_example) by extension 'ignore_ament_install'
[0.174s] Level 1:colcon.colcon_core.package_identification:_identify(src/PlayStation-JoyInterface-ROS2/p9n_example) by extensions ['colcon_pkg']
[0.174s] Level 1:colcon.colcon_core.package_identification:_identify(src/PlayStation-JoyInterface-ROS2/p9n_example) by extension 'colcon_pkg'
[0.174s] Level 1:colcon.colcon_core.package_identification:_identify(src/PlayStation-JoyInterface-ROS2/p9n_example) by extensions ['colcon_meta']
[0.174s] Level 1:colcon.colcon_core.package_identification:_identify(src/PlayStation-JoyInterface-ROS2/p9n_example) by extension 'colcon_meta'
[0.174s] Level 1:colcon.colcon_core.package_identification:_identify(src/PlayStation-JoyInterface-ROS2/p9n_example) by extensions ['ros']
[0.174s] Level 1:colcon.colcon_core.package_identification:_identify(src/PlayStation-JoyInterface-ROS2/p9n_example) by extension 'ros'
[0.174s] DEBUG:colcon.colcon_core.package_identification:Package 'src/PlayStation-JoyInterface-ROS2/p9n_example' with type 'ros.ament_cmake' and name 'p9n_example'
[0.175s] Level 1:colcon.colcon_core.package_identification:_identify(src/PlayStation-JoyInterface-ROS2/p9n_interface) by extensions ['ignore', 'ignore_ament_install']
[0.175s] Level 1:colcon.colcon_core.package_identification:_identify(src/PlayStation-JoyInterface-ROS2/p9n_interface) by extension 'ignore'
[0.175s] Level 1:colcon.colcon_core.package_identification:_identify(src/PlayStation-JoyInterface-ROS2/p9n_interface) by extension 'ignore_ament_install'
[0.175s] Level 1:colcon.colcon_core.package_identification:_identify(src/PlayStation-JoyInterface-ROS2/p9n_interface) by extensions ['colcon_pkg']
[0.175s] Level 1:colcon.colcon_core.package_identification:_identify(src/PlayStation-JoyInterface-ROS2/p9n_interface) by extension 'colcon_pkg'
[0.175s] Level 1:colcon.colcon_core.package_identification:_identify(src/PlayStation-JoyInterface-ROS2/p9n_interface) by extensions ['colcon_meta']
[0.175s] Level 1:colcon.colcon_core.package_identification:_identify(src/PlayStation-JoyInterface-ROS2/p9n_interface) by extension 'colcon_meta'
[0.175s] Level 1:colcon.colcon_core.package_identification:_identify(src/PlayStation-JoyInterface-ROS2/p9n_interface) by extensions ['ros']
[0.175s] Level 1:colcon.colcon_core.package_identification:_identify(src/PlayStation-JoyInterface-ROS2/p9n_interface) by extension 'ros'
[0.176s] DEBUG:colcon.colcon_core.package_identification:Package 'src/PlayStation-JoyInterface-ROS2/p9n_interface' with type 'ros.ament_cmake' and name 'p9n_interface'
[0.177s] Level 1:colcon.colcon_core.package_identification:_identify(src/PlayStation-JoyInterface-ROS2/p9n_node) by extensions ['ignore', 'ignore_ament_install']
[0.177s] Level 1:colcon.colcon_core.package_identification:_identify(src/PlayStation-JoyInterface-ROS2/p9n_node) by extension 'ignore'
[0.177s] Level 1:colcon.colcon_core.package_identification:_identify(src/PlayStation-JoyInterface-ROS2/p9n_node) by extension 'ignore_ament_install'
[0.177s] Level 1:colcon.colcon_core.package_identification:_identify(src/PlayStation-JoyInterface-ROS2/p9n_node) by extensions ['colcon_pkg']
[0.177s] Level 1:colcon.colcon_core.package_identification:_identify(src/PlayStation-JoyInterface-ROS2/p9n_node) by extension 'colcon_pkg'
[0.177s] Level 1:colcon.colcon_core.package_identification:_identify(src/PlayStation-JoyInterface-ROS2/p9n_node) by extensions ['colcon_meta']
[0.177s] Level 1:colcon.colcon_core.package_identification:_identify(src/PlayStation-JoyInterface-ROS2/p9n_node) by extension 'colcon_meta'
[0.177s] Level 1:colcon.colcon_core.package_identification:_identify(src/PlayStation-JoyInterface-ROS2/p9n_node) by extensions ['ros']
[0.177s] Level 1:colcon.colcon_core.package_identification:_identify(src/PlayStation-JoyInterface-ROS2/p9n_node) by extension 'ros'
[0.178s] DEBUG:colcon.colcon_core.package_identification:Package 'src/PlayStation-JoyInterface-ROS2/p9n_node' with type 'ros.ament_cmake' and name 'p9n_node'
[0.178s] Level 1:colcon.colcon_core.package_identification:_identify(src/PlayStation-JoyInterface-ROS2/p9n_test) by extensions ['ignore', 'ignore_ament_install']
[0.178s] Level 1:colcon.colcon_core.package_identification:_identify(src/PlayStation-JoyInterface-ROS2/p9n_test) by extension 'ignore'
[0.178s] Level 1:colcon.colcon_core.package_identification:_identify(src/PlayStation-JoyInterface-ROS2/p9n_test) by extension 'ignore_ament_install'
[0.178s] Level 1:colcon.colcon_core.package_identification:_identify(src/PlayStation-JoyInterface-ROS2/p9n_test) by extensions ['colcon_pkg']
[0.178s] Level 1:colcon.colcon_core.package_identification:_identify(src/PlayStation-JoyInterface-ROS2/p9n_test) by extension 'colcon_pkg'
[0.178s] Level 1:colcon.colcon_core.package_identification:_identify(src/PlayStation-JoyInterface-ROS2/p9n_test) by extensions ['colcon_meta']
[0.178s] Level 1:colcon.colcon_core.package_identification:_identify(src/PlayStation-JoyInterface-ROS2/p9n_test) by extension 'colcon_meta'
[0.178s] Level 1:colcon.colcon_core.package_identification:_identify(src/PlayStation-JoyInterface-ROS2/p9n_test) by extensions ['ros']
[0.178s] Level 1:colcon.colcon_core.package_identification:_identify(src/PlayStation-JoyInterface-ROS2/p9n_test) by extension 'ros'
[0.179s] DEBUG:colcon.colcon_core.package_identification:Package 'src/PlayStation-JoyInterface-ROS2/p9n_test' with type 'ros.ament_cmake' and name 'p9n_test'
[0.179s] Level 1:colcon.colcon_core.package_identification:_identify(src/build) by extensions ['ignore', 'ignore_ament_install']
[0.179s] Level 1:colcon.colcon_core.package_identification:_identify(src/build) by extension 'ignore'
[0.179s] Level 1:colcon.colcon_core.package_identification:_identify(src/build) ignored
[0.180s] Level 1:colcon.colcon_core.package_identification:_identify(src/install) by extensions ['ignore', 'ignore_ament_install']
[0.180s] Level 1:colcon.colcon_core.package_identification:_identify(src/install) by extension 'ignore'
[0.180s] Level 1:colcon.colcon_core.package_identification:_identify(src/install) ignored
[0.180s] Level 1:colcon.colcon_core.package_identification:_identify(src/joystick_drivers) by extensions ['ignore', 'ignore_ament_install']
[0.180s] Level 1:colcon.colcon_core.package_identification:_identify(src/joystick_drivers) by extension 'ignore'
[0.180s] Level 1:colcon.colcon_core.package_identification:_identify(src/joystick_drivers) by extension 'ignore_ament_install'
[0.180s] Level 1:colcon.colcon_core.package_identification:_identify(src/joystick_drivers) by extensions ['colcon_pkg']
[0.180s] Level 1:colcon.colcon_core.package_identification:_identify(src/joystick_drivers) by extension 'colcon_pkg'
[0.180s] Level 1:colcon.colcon_core.package_identification:_identify(src/joystick_drivers) by extensions ['colcon_meta']
[0.180s] Level 1:colcon.colcon_core.package_identification:_identify(src/joystick_drivers) by extension 'colcon_meta'
[0.180s] Level 1:colcon.colcon_core.package_identification:_identify(src/joystick_drivers) by extensions ['ros']
[0.180s] Level 1:colcon.colcon_core.package_identification:_identify(src/joystick_drivers) by extension 'ros'
[0.180s] Level 1:colcon.colcon_core.package_identification:_identify(src/joystick_drivers) by extensions ['cmake', 'python']
[0.180s] Level 1:colcon.colcon_core.package_identification:_identify(src/joystick_drivers) by extension 'cmake'
[0.180s] Level 1:colcon.colcon_core.package_identification:_identify(src/joystick_drivers) by extension 'python'
[0.180s] Level 1:colcon.colcon_core.package_identification:_identify(src/joystick_drivers) by extensions ['python_setup_py']
[0.180s] Level 1:colcon.colcon_core.package_identification:_identify(src/joystick_drivers) by extension 'python_setup_py'
[0.181s] Level 1:colcon.colcon_core.package_identification:_identify(src/joystick_drivers/joy) by extensions ['ignore', 'ignore_ament_install']
[0.181s] Level 1:colcon.colcon_core.package_identification:_identify(src/joystick_drivers/joy) by extension 'ignore'
[0.181s] Level 1:colcon.colcon_core.package_identification:_identify(src/joystick_drivers/joy) by extension 'ignore_ament_install'
[0.181s] Level 1:colcon.colcon_core.package_identification:_identify(src/joystick_drivers/joy) by extensions ['colcon_pkg']
[0.181s] Level 1:colcon.colcon_core.package_identification:_identify(src/joystick_drivers/joy) by extension 'colcon_pkg'
[0.181s] Level 1:colcon.colcon_core.package_identification:_identify(src/joystick_drivers/joy) by extensions ['colcon_meta']
[0.181s] Level 1:colcon.colcon_core.package_identification:_identify(src/joystick_drivers/joy) by extension 'colcon_meta'
[0.181s] Level 1:colcon.colcon_core.package_identification:_identify(src/joystick_drivers/joy) by extensions ['ros']
[0.181s] Level 1:colcon.colcon_core.package_identification:_identify(src/joystick_drivers/joy) by extension 'ros'
[0.182s] DEBUG:colcon.colcon_core.package_identification:Package 'src/joystick_drivers/joy' with type 'ros.ament_cmake' and name 'joy'
[0.182s] Level 1:colcon.colcon_core.package_identification:_identify(src/joystick_drivers/joy_linux) by extensions ['ignore', 'ignore_ament_install']
[0.182s] Level 1:colcon.colcon_core.package_identification:_identify(src/joystick_drivers/joy_linux) by extension 'ignore'
[0.182s] Level 1:colcon.colcon_core.package_identification:_identify(src/joystick_drivers/joy_linux) by extension 'ignore_ament_install'
[0.182s] Level 1:colcon.colcon_core.package_identification:_identify(src/joystick_drivers/joy_linux) by extensions ['colcon_pkg']
[0.182s] Level 1:colcon.colcon_core.package_identification:_identify(src/joystick_drivers/joy_linux) by extension 'colcon_pkg'
[0.182s] Level 1:colcon.colcon_core.package_identification:_identify(src/joystick_drivers/joy_linux) by extensions ['colcon_meta']
[0.182s] Level 1:colcon.colcon_core.package_identification:_identify(src/joystick_drivers/joy_linux) by extension 'colcon_meta'
[0.182s] Level 1:colcon.colcon_core.package_identification:_identify(src/joystick_drivers/joy_linux) by extensions ['ros']
[0.182s] Level 1:colcon.colcon_core.package_identification:_identify(src/joystick_drivers/joy_linux) by extension 'ros'
[0.183s] DEBUG:colcon.colcon_core.package_identification:Package 'src/joystick_drivers/joy_linux' with type 'ros.ament_cmake' and name 'joy_linux'
[0.183s] Level 1:colcon.colcon_core.package_identification:_identify(src/joystick_drivers/joystick_drivers) by extensions ['ignore', 'ignore_ament_install']
[0.183s] Level 1:colcon.colcon_core.package_identification:_identify(src/joystick_drivers/joystick_drivers) by extension 'ignore'
[0.183s] Level 1:colcon.colcon_core.package_identification:_identify(src/joystick_drivers/joystick_drivers) by extension 'ignore_ament_install'
[0.183s] Level 1:colcon.colcon_core.package_identification:_identify(src/joystick_drivers/joystick_drivers) by extensions ['colcon_pkg']
[0.183s] Level 1:colcon.colcon_core.package_identification:_identify(src/joystick_drivers/joystick_drivers) by extension 'colcon_pkg'
[0.183s] Level 1:colcon.colcon_core.package_identification:_identify(src/joystick_drivers/joystick_drivers) by extensions ['colcon_meta']
[0.183s] Level 1:colcon.colcon_core.package_identification:_identify(src/joystick_drivers/joystick_drivers) by extension 'colcon_meta'
[0.183s] Level 1:colcon.colcon_core.package_identification:_identify(src/joystick_drivers/joystick_drivers) by extensions ['ros']
[0.183s] Level 1:colcon.colcon_core.package_identification:_identify(src/joystick_drivers/joystick_drivers) by extension 'ros'
[0.183s] Level 1:colcon.colcon_core.package_identification:_identify(src/joystick_drivers/joystick_drivers) ignored
[0.183s] Level 1:colcon.colcon_core.package_identification:_identify(src/joystick_drivers/ps3joy) by extensions ['ignore', 'ignore_ament_install']
[0.184s] Level 1:colcon.colcon_core.package_identification:_identify(src/joystick_drivers/ps3joy) by extension 'ignore'
[0.184s] Level 1:colcon.colcon_core.package_identification:_identify(src/joystick_drivers/ps3joy) by extension 'ignore_ament_install'
[0.184s] Level 1:colcon.colcon_core.package_identification:_identify(src/joystick_drivers/ps3joy) by extensions ['colcon_pkg']
[0.184s] Level 1:colcon.colcon_core.package_identification:_identify(src/joystick_drivers/ps3joy) by extension 'colcon_pkg'
[0.184s] Level 1:colcon.colcon_core.package_identification:_identify(src/joystick_drivers/ps3joy) by extensions ['colcon_meta']
[0.184s] Level 1:colcon.colcon_core.package_identification:_identify(src/joystick_drivers/ps3joy) by extension 'colcon_meta'
[0.184s] Level 1:colcon.colcon_core.package_identification:_identify(src/joystick_drivers/ps3joy) by extensions ['ros']
[0.184s] Level 1:colcon.colcon_core.package_identification:_identify(src/joystick_drivers/ps3joy) by extension 'ros'
[0.184s] Level 1:colcon.colcon_core.package_identification:_identify(src/joystick_drivers/ps3joy) ignored
[0.184s] Level 1:colcon.colcon_core.package_identification:_identify(src/joystick_drivers/sdl2_vendor) by extensions ['ignore', 'ignore_ament_install']
[0.184s] Level 1:colcon.colcon_core.package_identification:_identify(src/joystick_drivers/sdl2_vendor) by extension 'ignore'
[0.184s] Level 1:colcon.colcon_core.package_identification:_identify(src/joystick_drivers/sdl2_vendor) by extension 'ignore_ament_install'
[0.184s] Level 1:colcon.colcon_core.package_identification:_identify(src/joystick_drivers/sdl2_vendor) by extensions ['colcon_pkg']
[0.184s] Level 1:colcon.colcon_core.package_identification:_identify(src/joystick_drivers/sdl2_vendor) by extension 'colcon_pkg'
[0.184s] Level 1:colcon.colcon_core.package_identification:_identify(src/joystick_drivers/sdl2_vendor) by extensions ['colcon_meta']
[0.184s] Level 1:colcon.colcon_core.package_identification:_identify(src/joystick_drivers/sdl2_vendor) by extension 'colcon_meta'
[0.184s] Level 1:colcon.colcon_core.package_identification:_identify(src/joystick_drivers/sdl2_vendor) by extensions ['ros']
[0.184s] Level 1:colcon.colcon_core.package_identification:_identify(src/joystick_drivers/sdl2_vendor) by extension 'ros'
[0.185s] DEBUG:colcon.colcon_core.package_identification:Package 'src/joystick_drivers/sdl2_vendor' with type 'ros.ament_cmake' and name 'sdl2_vendor'
[0.185s] Level 1:colcon.colcon_core.package_identification:_identify(src/joystick_drivers/spacenav) by extensions ['ignore', 'ignore_ament_install']
[0.185s] Level 1:colcon.colcon_core.package_identification:_identify(src/joystick_drivers/spacenav) by extension 'ignore'
[0.185s] Level 1:colcon.colcon_core.package_identification:_identify(src/joystick_drivers/spacenav) by extension 'ignore_ament_install'
[0.185s] Level 1:colcon.colcon_core.package_identification:_identify(src/joystick_drivers/spacenav) by extensions ['colcon_pkg']
[0.185s] Level 1:colcon.colcon_core.package_identification:_identify(src/joystick_drivers/spacenav) by extension 'colcon_pkg'
[0.185s] Level 1:colcon.colcon_core.package_identification:_identify(src/joystick_drivers/spacenav) by extensions ['colcon_meta']
[0.186s] Level 1:colcon.colcon_core.package_identification:_identify(src/joystick_drivers/spacenav) by extension 'colcon_meta'
[0.186s] Level 1:colcon.colcon_core.package_identification:_identify(src/joystick_drivers/spacenav) by extensions ['ros']
[0.186s] Level 1:colcon.colcon_core.package_identification:_identify(src/joystick_drivers/spacenav) by extension 'ros'
[0.186s] DEBUG:colcon.colcon_core.package_identification:Package 'src/joystick_drivers/spacenav' with type 'ros.ament_cmake' and name 'spacenav'
[0.186s] Level 1:colcon.colcon_core.package_identification:_identify(src/joystick_drivers/wiimote) by extensions ['ignore', 'ignore_ament_install']
[0.187s] Level 1:colcon.colcon_core.package_identification:_identify(src/joystick_drivers/wiimote) by extension 'ignore'
[0.187s] Level 1:colcon.colcon_core.package_identification:_identify(src/joystick_drivers/wiimote) by extension 'ignore_ament_install'
[0.187s] Level 1:colcon.colcon_core.package_identification:_identify(src/joystick_drivers/wiimote) by extensions ['colcon_pkg']
[0.187s] Level 1:colcon.colcon_core.package_identification:_identify(src/joystick_drivers/wiimote) by extension 'colcon_pkg'
[0.187s] Level 1:colcon.colcon_core.package_identification:_identify(src/joystick_drivers/wiimote) by extensions ['colcon_meta']
[0.187s] Level 1:colcon.colcon_core.package_identification:_identify(src/joystick_drivers/wiimote) by extension 'colcon_meta'
[0.187s] Level 1:colcon.colcon_core.package_identification:_identify(src/joystick_drivers/wiimote) by extensions ['ros']
[0.187s] Level 1:colcon.colcon_core.package_identification:_identify(src/joystick_drivers/wiimote) by extension 'ros'
[0.188s] DEBUG:colcon.colcon_core.package_identification:Package 'src/joystick_drivers/wiimote' with type 'ros.ament_cmake' and name 'wiimote'
[0.188s] Level 1:colcon.colcon_core.package_identification:_identify(src/joystick_drivers/wiimote_msgs) by extensions ['ignore', 'ignore_ament_install']
[0.188s] Level 1:colcon.colcon_core.package_identification:_identify(src/joystick_drivers/wiimote_msgs) by extension 'ignore'
[0.188s] Level 1:colcon.colcon_core.package_identification:_identify(src/joystick_drivers/wiimote_msgs) by extension 'ignore_ament_install'
[0.188s] Level 1:colcon.colcon_core.package_identification:_identify(src/joystick_drivers/wiimote_msgs) by extensions ['colcon_pkg']
[0.188s] Level 1:colcon.colcon_core.package_identification:_identify(src/joystick_drivers/wiimote_msgs) by extension 'colcon_pkg'
[0.188s] Level 1:colcon.colcon_core.package_identification:_identify(src/joystick_drivers/wiimote_msgs) by extensions ['colcon_meta']
[0.188s] Level 1:colcon.colcon_core.package_identification:_identify(src/joystick_drivers/wiimote_msgs) by extension 'colcon_meta'
[0.188s] Level 1:colcon.colcon_core.package_identification:_identify(src/joystick_drivers/wiimote_msgs) by extensions ['ros']
[0.188s] Level 1:colcon.colcon_core.package_identification:_identify(src/joystick_drivers/wiimote_msgs) by extension 'ros'
[0.189s] DEBUG:colcon.colcon_core.package_identification:Package 'src/joystick_drivers/wiimote_msgs' with type 'ros.ament_cmake' and name 'wiimote_msgs'
[0.189s] Level 1:colcon.colcon_core.package_identification:_identify(src/limo_cartographer) by extensions ['ignore', 'ignore_ament_install']
[0.189s] Level 1:colcon.colcon_core.package_identification:_identify(src/limo_cartographer) by extension 'ignore'
[0.189s] Level 1:colcon.colcon_core.package_identification:_identify(src/limo_cartographer) by extension 'ignore_ament_install'
[0.189s] Level 1:colcon.colcon_core.package_identification:_identify(src/limo_cartographer) by extensions ['colcon_pkg']
[0.189s] Level 1:colcon.colcon_core.package_identification:_identify(src/limo_cartographer) by extension 'colcon_pkg'
[0.189s] Level 1:colcon.colcon_core.package_identification:_identify(src/limo_cartographer) by extensions ['colcon_meta']
[0.189s] Level 1:colcon.colcon_core.package_identification:_identify(src/limo_cartographer) by extension 'colcon_meta'
[0.189s] Level 1:colcon.colcon_core.package_identification:_identify(src/limo_cartographer) by extensions ['ros']
[0.190s] Level 1:colcon.colcon_core.package_identification:_identify(src/limo_cartographer) by extension 'ros'
[0.190s] DEBUG:colcon.colcon_core.package_identification:Package 'src/limo_cartographer' with type 'ros.ament_python' and name 'limo_cartographer'
[0.190s] Level 1:colcon.colcon_core.package_identification:_identify(src/limo_ros2) by extensions ['ignore', 'ignore_ament_install']
[0.190s] Level 1:colcon.colcon_core.package_identification:_identify(src/limo_ros2) by extension 'ignore'
[0.190s] Level 1:colcon.colcon_core.package_identification:_identify(src/limo_ros2) by extension 'ignore_ament_install'
[0.191s] Level 1:colcon.colcon_core.package_identification:_identify(src/limo_ros2) by extensions ['colcon_pkg']
[0.191s] Level 1:colcon.colcon_core.package_identification:_identify(src/limo_ros2) by extension 'colcon_pkg'
[0.191s] Level 1:colcon.colcon_core.package_identification:_identify(src/limo_ros2) by extensions ['colcon_meta']
[0.191s] Level 1:colcon.colcon_core.package_identification:_identify(src/limo_ros2) by extension 'colcon_meta'
[0.191s] Level 1:colcon.colcon_core.package_identification:_identify(src/limo_ros2) by extensions ['ros']
[0.191s] Level 1:colcon.colcon_core.package_identification:_identify(src/limo_ros2) by extension 'ros'
[0.191s] Level 1:colcon.colcon_core.package_identification:_identify(src/limo_ros2) by extensions ['cmake', 'python']
[0.191s] Level 1:colcon.colcon_core.package_identification:_identify(src/limo_ros2) by extension 'cmake'
[0.191s] Level 1:colcon.colcon_core.package_identification:_identify(src/limo_ros2) by extension 'python'
[0.191s] Level 1:colcon.colcon_core.package_identification:_identify(src/limo_ros2) by extensions ['python_setup_py']
[0.191s] Level 1:colcon.colcon_core.package_identification:_identify(src/limo_ros2) by extension 'python_setup_py'
[0.191s] Level 1:colcon.colcon_core.package_identification:_identify(src/limo_ros2/limo_base) by extensions ['ignore', 'ignore_ament_install']
[0.191s] Level 1:colcon.colcon_core.package_identification:_identify(src/limo_ros2/limo_base) by extension 'ignore'
[0.191s] Level 1:colcon.colcon_core.package_identification:_identify(src/limo_ros2/limo_base) by extension 'ignore_ament_install'
[0.191s] Level 1:colcon.colcon_core.package_identification:_identify(src/limo_ros2/limo_base) by extensions ['colcon_pkg']
[0.191s] Level 1:colcon.colcon_core.package_identification:_identify(src/limo_ros2/limo_base) by extension 'colcon_pkg'
[0.191s] Level 1:colcon.colcon_core.package_identification:_identify(src/limo_ros2/limo_base) by extensions ['colcon_meta']
[0.191s] Level 1:colcon.colcon_core.package_identification:_identify(src/limo_ros2/limo_base) by extension 'colcon_meta'
[0.191s] Level 1:colcon.colcon_core.package_identification:_identify(src/limo_ros2/limo_base) by extensions ['ros']
[0.191s] Level 1:colcon.colcon_core.package_identification:_identify(src/limo_ros2/limo_base) by extension 'ros'
[0.192s] DEBUG:colcon.colcon_core.package_identification:Package 'src/limo_ros2/limo_base' with type 'ros.ament_cmake' and name 'limo_base'
[0.192s] Level 1:colcon.colcon_core.package_identification:_identify(src/limo_ros2/limo_bringup) by extensions ['ignore', 'ignore_ament_install']
[0.193s] Level 1:colcon.colcon_core.package_identification:_identify(src/limo_ros2/limo_bringup) by extension 'ignore'
[0.193s] Level 1:colcon.colcon_core.package_identification:_identify(src/limo_ros2/limo_bringup) by extension 'ignore_ament_install'
[0.193s] Level 1:colcon.colcon_core.package_identification:_identify(src/limo_ros2/limo_bringup) by extensions ['colcon_pkg']
[0.193s] Level 1:colcon.colcon_core.package_identification:_identify(src/limo_ros2/limo_bringup) by extension 'colcon_pkg'
[0.193s] Level 1:colcon.colcon_core.package_identification:_identify(src/limo_ros2/limo_bringup) by extensions ['colcon_meta']
[0.193s] Level 1:colcon.colcon_core.package_identification:_identify(src/limo_ros2/limo_bringup) by extension 'colcon_meta'
[0.193s] Level 1:colcon.colcon_core.package_identification:_identify(src/limo_ros2/limo_bringup) by extensions ['ros']
[0.193s] Level 1:colcon.colcon_core.package_identification:_identify(src/limo_ros2/limo_bringup) by extension 'ros'
[0.194s] DEBUG:colcon.colcon_core.package_identification:Package 'src/limo_ros2/limo_bringup' with type 'ros.ament_python' and name 'limo_bringup'
[0.194s] Level 1:colcon.colcon_core.package_identification:_identify(src/limo_ros2/limo_description) by extensions ['ignore', 'ignore_ament_install']
[0.194s] Level 1:colcon.colcon_core.package_identification:_identify(src/limo_ros2/limo_description) by extension 'ignore'
[0.194s] Level 1:colcon.colcon_core.package_identification:_identify(src/limo_ros2/limo_description) by extension 'ignore_ament_install'
[0.194s] Level 1:colcon.colcon_core.package_identification:_identify(src/limo_ros2/limo_description) by extensions ['colcon_pkg']
[0.194s] Level 1:colcon.colcon_core.package_identification:_identify(src/limo_ros2/limo_description) by extension 'colcon_pkg'
[0.194s] Level 1:colcon.colcon_core.package_identification:_identify(src/limo_ros2/limo_description) by extensions ['colcon_meta']
[0.194s] Level 1:colcon.colcon_core.package_identification:_identify(src/limo_ros2/limo_description) by extension 'colcon_meta'
[0.194s] Level 1:colcon.colcon_core.package_identification:_identify(src/limo_ros2/limo_description) by extensions ['ros']
[0.194s] Level 1:colcon.colcon_core.package_identification:_identify(src/limo_ros2/limo_description) by extension 'ros'
[0.195s] DEBUG:colcon.colcon_core.package_identification:Package 'src/limo_ros2/limo_description' with type 'ros.ament_cmake' and name 'limo_description'
[0.195s] Level 1:colcon.colcon_core.package_identification:_identify(src/limo_ros2/limo_msgs) by extensions ['ignore', 'ignore_ament_install']
[0.195s] Level 1:colcon.colcon_core.package_identification:_identify(src/limo_ros2/limo_msgs) by extension 'ignore'
[0.195s] Level 1:colcon.colcon_core.package_identification:_identify(src/limo_ros2/limo_msgs) by extension 'ignore_ament_install'
[0.195s] Level 1:colcon.colcon_core.package_identification:_identify(src/limo_ros2/limo_msgs) by extensions ['colcon_pkg']
[0.195s] Level 1:colcon.colcon_core.package_identification:_identify(src/limo_ros2/limo_msgs) by extension 'colcon_pkg'
[0.195s] Level 1:colcon.colcon_core.package_identification:_identify(src/limo_ros2/limo_msgs) by extensions ['colcon_meta']
[0.195s] Level 1:colcon.colcon_core.package_identification:_identify(src/limo_ros2/limo_msgs) by extension 'colcon_meta'
[0.196s] Level 1:colcon.colcon_core.package_identification:_identify(src/limo_ros2/limo_msgs) by extensions ['ros']
[0.196s] Level 1:colcon.colcon_core.package_identification:_identify(src/limo_ros2/limo_msgs) by extension 'ros'
[0.196s] DEBUG:colcon.colcon_core.package_identification:Package 'src/limo_ros2/limo_msgs' with type 'ros.ament_cmake' and name 'limo_msgs'
[0.196s] Level 1:colcon.colcon_core.package_identification:_identify(src/log) by extensions ['ignore', 'ignore_ament_install']
[0.196s] Level 1:colcon.colcon_core.package_identification:_identify(src/log) by extension 'ignore'
[0.196s] Level 1:colcon.colcon_core.package_identification:_identify(src/log) ignored
[0.196s] Level 1:colcon.colcon_core.package_identification:_identify(src/urg_node) by extensions ['ignore', 'ignore_ament_install']
[0.196s] Level 1:colcon.colcon_core.package_identification:_identify(src/urg_node) by extension 'ignore'
[0.197s] Level 1:colcon.colcon_core.package_identification:_identify(src/urg_node) by extension 'ignore_ament_install'
[0.197s] Level 1:colcon.colcon_core.package_identification:_identify(src/urg_node) by extensions ['colcon_pkg']
[0.197s] Level 1:colcon.colcon_core.package_identification:_identify(src/urg_node) by extension 'colcon_pkg'
[0.197s] Level 1:colcon.colcon_core.package_identification:_identify(src/urg_node) by extensions ['colcon_meta']
[0.197s] Level 1:colcon.colcon_core.package_identification:_identify(src/urg_node) by extension 'colcon_meta'
[0.197s] Level 1:colcon.colcon_core.package_identification:_identify(src/urg_node) by extensions ['ros']
[0.197s] Level 1:colcon.colcon_core.package_identification:_identify(src/urg_node) by extension 'ros'
[0.198s] DEBUG:colcon.colcon_core.package_identification:Package 'src/urg_node' with type 'ros.ament_cmake' and name 'urg_node'
[0.198s] Level 1:colcon.colcon_core.package_discovery:discover_packages(recursive) using defaults
[0.198s] Level 1:colcon.colcon_core.package_discovery:discover_packages(ignore) discover
[0.198s] Level 1:colcon.colcon_core.package_discovery:discover_packages(ignore) using defaults
[0.198s] Level 1:colcon.colcon_core.package_discovery:discover_packages(path) discover
[0.198s] Level 1:colcon.colcon_core.package_discovery:discover_packages(path) using defaults
[0.218s] Level 1:colcon.colcon_core.package_discovery:discover_packages(prefix_path) check parameters
[0.218s] Level 1:colcon.colcon_core.package_discovery:discover_packages(prefix_path) discover
[0.220s] DEBUG:colcon.colcon_installed_package_information.package_discovery:Found 18 installed packages in /home/atwork/limo_3.0/install
[0.222s] DEBUG:colcon.colcon_installed_package_information.package_discovery:Found 300 installed packages in /opt/ros/jazzy
[0.223s] Level 1:colcon.colcon_core.package_discovery:discover_packages(prefix_path) using defaults
[0.268s] WARNING:colcon.colcon_core.package_selection:Some selected packages are already built in one or more underlay workspaces:
	'joy' is in: /home/atwork/limo_3.0/install/joy, /opt/ros/jazzy
If a package in a merged underlay workspace is overridden and it installs headers, then all packages in the overlay must sort their include directories by workspace order. Failure to do so may result in build failures or undefined behavior at run time.
If the overridden package is used by another package in any underlay, then the overriding package in the overlay must be API and ABI compatible or undefined behavior at run time may occur.

If you understand the risks and want to override a package anyways, add the following to the command line:
	--allow-overriding joy

This may be promoted to an error in a future release of colcon-override-check.
[0.269s] Level 5:colcon.colcon_core.verb:set package 'joy_linux' build argument 'cmake_args' from command line to 'None'
[0.269s] Level 5:colcon.colcon_core.verb:set package 'joy_linux' build argument 'cmake_target' from command line to 'None'
[0.269s] Level 5:colcon.colcon_core.verb:set package 'joy_linux' build argument 'cmake_target_skip_unavailable' from command line to 'False'
[0.270s] Level 5:colcon.colcon_core.verb:set package 'joy_linux' build argument 'cmake_clean_cache' from command line to 'False'
[0.270s] Level 5:colcon.colcon_core.verb:set package 'joy_linux' build argument 'cmake_clean_first' from command line to 'False'
[0.270s] Level 5:colcon.colcon_core.verb:set package 'joy_linux' build argument 'cmake_force_configure' from command line to 'False'
[0.270s] Level 5:colcon.colcon_core.verb:set package 'joy_linux' build argument 'ament_cmake_args' from command line to 'None'
[0.270s] Level 5:colcon.colcon_core.verb:set package 'joy_linux' build argument 'catkin_cmake_args' from command line to 'None'
[0.270s] Level 5:colcon.colcon_core.verb:set package 'joy_linux' build argument 'catkin_skip_building_tests' from command line to 'False'
[0.270s] DEBUG:colcon.colcon_core.verb:Building package 'joy_linux' with the following arguments: {'ament_cmake_args': None, 'build_base': '/home/atwork/limo_3.0/build/joy_linux', 'catkin_cmake_args': None, 'catkin_skip_building_tests': False, 'cmake_args': None, 'cmake_clean_cache': False, 'cmake_clean_first': False, 'cmake_force_configure': False, 'cmake_target': None, 'cmake_target_skip_unavailable': False, 'install_base': '/home/atwork/limo_3.0/install/joy_linux', 'merge_install': False, 'path': '/home/atwork/limo_3.0/src/joystick_drivers/joy_linux', 'symlink_install': False, 'test_result_base': None}
[0.270s] Level 5:colcon.colcon_core.verb:set package 'limo_cartographer' build argument 'cmake_args' from command line to 'None'
[0.270s] Level 5:colcon.colcon_core.verb:set package 'limo_cartographer' build argument 'cmake_target' from command line to 'None'
[0.270s] Level 5:colcon.colcon_core.verb:set package 'limo_cartographer' build argument 'cmake_target_skip_unavailable' from command line to 'False'
[0.270s] Level 5:colcon.colcon_core.verb:set package 'limo_cartographer' build argument 'cmake_clean_cache' from command line to 'False'
[0.270s] Level 5:colcon.colcon_core.verb:set package 'limo_cartographer' build argument 'cmake_clean_first' from command line to 'False'
[0.271s] Level 5:colcon.colcon_core.verb:set package 'limo_cartographer' build argument 'cmake_force_configure' from command line to 'False'
[0.271s] Level 5:colcon.colcon_core.verb:set package 'limo_cartographer' build argument 'ament_cmake_args' from command line to 'None'
[0.271s] Level 5:colcon.colcon_core.verb:set package 'limo_cartographer' build argument 'catkin_cmake_args' from command line to 'None'
[0.271s] Level 5:colcon.colcon_core.verb:set package 'limo_cartographer' build argument 'catkin_skip_building_tests' from command line to 'False'
[0.271s] DEBUG:colcon.colcon_core.verb:Building package 'limo_cartographer' with the following arguments: {'ament_cmake_args': None, 'build_base': '/home/atwork/limo_3.0/build/limo_cartographer', 'catkin_cmake_args': None, 'catkin_skip_building_tests': False, 'cmake_args': None, 'cmake_clean_cache': False, 'cmake_clean_first': False, 'cmake_force_configure': False, 'cmake_target': None, 'cmake_target_skip_unavailable': False, 'install_base': '/home/atwork/limo_3.0/install/limo_cartographer', 'merge_install': False, 'path': '/home/atwork/limo_3.0/src/limo_cartographer', 'symlink_install': False, 'test_result_base': None}
[0.271s] Level 5:colcon.colcon_core.verb:set package 'limo_description' build argument 'cmake_args' from command line to 'None'
[0.272s] Level 5:colcon.colcon_core.verb:set package 'limo_description' build argument 'cmake_target' from command line to 'None'
[0.272s] Level 5:colcon.colcon_core.verb:set package 'limo_description' build argument 'cmake_target_skip_unavailable' from command line to 'False'
[0.272s] Level 5:colcon.colcon_core.verb:set package 'limo_description' build argument 'cmake_clean_cache' from command line to 'False'
[0.272s] Level 5:colcon.colcon_core.verb:set package 'limo_description' build argument 'cmake_clean_first' from command line to 'False'
[0.272s] Level 5:colcon.colcon_core.verb:set package 'limo_description' build argument 'cmake_force_configure' from command line to 'False'
[0.272s] Level 5:colcon.colcon_core.verb:set package 'limo_description' build argument 'ament_cmake_args' from command line to 'None'
[0.272s] Level 5:colcon.colcon_core.verb:set package 'limo_description' build argument 'catkin_cmake_args' from command line to 'None'
[0.272s] Level 5:colcon.colcon_core.verb:set package 'limo_description' build argument 'catkin_skip_building_tests' from command line to 'False'
[0.272s] DEBUG:colcon.colcon_core.verb:Building package 'limo_description' with the following arguments: {'ament_cmake_args': None, 'build_base': '/home/atwork/limo_3.0/build/limo_description', 'catkin_cmake_args': None, 'catkin_skip_building_tests': False, 'cmake_args': None, 'cmake_clean_cache': False, 'cmake_clean_first': False, 'cmake_force_configure': False, 'cmake_target': None, 'cmake_target_skip_unavailable': False, 'install_base': '/home/atwork/limo_3.0/install/limo_description', 'merge_install': False, 'path': '/home/atwork/limo_3.0/src/limo_ros2/limo_description', 'symlink_install': False, 'test_result_base': None}
[0.272s] Level 5:colcon.colcon_core.verb:set package 'limo_msgs' build argument 'cmake_args' from command line to 'None'
[0.272s] Level 5:colcon.colcon_core.verb:set package 'limo_msgs' build argument 'cmake_target' from command line to 'None'
[0.272s] Level 5:colcon.colcon_core.verb:set package 'limo_msgs' build argument 'cmake_target_skip_unavailable' from command line to 'False'
[0.272s] Level 5:colcon.colcon_core.verb:set package 'limo_msgs' build argument 'cmake_clean_cache' from command line to 'False'
[0.272s] Level 5:colcon.colcon_core.verb:set package 'limo_msgs' build argument 'cmake_clean_first' from command line to 'False'
[0.272s] Level 5:colcon.colcon_core.verb:set package 'limo_msgs' build argument 'cmake_force_configure' from command line to 'False'
[0.272s] Level 5:colcon.colcon_core.verb:set package 'limo_msgs' build argument 'ament_cmake_args' from command line to 'None'
[0.272s] Level 5:colcon.colcon_core.verb:set package 'limo_msgs' build argument 'catkin_cmake_args' from command line to 'None'
[0.272s] Level 5:colcon.colcon_core.verb:set package 'limo_msgs' build argument 'catkin_skip_building_tests' from command line to 'False'
[0.272s] DEBUG:colcon.colcon_core.verb:Building package 'limo_msgs' with the following arguments: {'ament_cmake_args': None, 'build_base': '/home/atwork/limo_3.0/build/limo_msgs', 'catkin_cmake_args': None, 'catkin_skip_building_tests': False, 'cmake_args': None, 'cmake_clean_cache': False, 'cmake_clean_first': False, 'cmake_force_configure': False, 'cmake_target': None, 'cmake_target_skip_unavailable': False, 'install_base': '/home/atwork/limo_3.0/install/limo_msgs', 'merge_install': False, 'path': '/home/atwork/limo_3.0/src/limo_ros2/limo_msgs', 'symlink_install': False, 'test_result_base': None}
[0.273s] Level 5:colcon.colcon_core.verb:set package 'p9n_interface' build argument 'cmake_args' from command line to 'None'
[0.273s] Level 5:colcon.colcon_core.verb:set package 'p9n_interface' build argument 'cmake_target' from command line to 'None'
[0.273s] Level 5:colcon.colcon_core.verb:set package 'p9n_interface' build argument 'cmake_target_skip_unavailable' from command line to 'False'
[0.273s] Level 5:colcon.colcon_core.verb:set package 'p9n_interface' build argument 'cmake_clean_cache' from command line to 'False'
[0.273s] Level 5:colcon.colcon_core.verb:set package 'p9n_interface' build argument 'cmake_clean_first' from command line to 'False'
[0.273s] Level 5:colcon.colcon_core.verb:set package 'p9n_interface' build argument 'cmake_force_configure' from command line to 'False'
[0.273s] Level 5:colcon.colcon_core.verb:set package 'p9n_interface' build argument 'ament_cmake_args' from command line to 'None'
[0.273s] Level 5:colcon.colcon_core.verb:set package 'p9n_interface' build argument 'catkin_cmake_args' from command line to 'None'
[0.273s] Level 5:colcon.colcon_core.verb:set package 'p9n_interface' build argument 'catkin_skip_building_tests' from command line to 'False'
[0.273s] DEBUG:colcon.colcon_core.verb:Building package 'p9n_interface' with the following arguments: {'ament_cmake_args': None, 'build_base': '/home/atwork/limo_3.0/build/p9n_interface', 'catkin_cmake_args': None, 'catkin_skip_building_tests': False, 'cmake_args': None, 'cmake_clean_cache': False, 'cmake_clean_first': False, 'cmake_force_configure': False, 'cmake_target': None, 'cmake_target_skip_unavailable': False, 'install_base': '/home/atwork/limo_3.0/install/p9n_interface', 'merge_install': False, 'path': '/home/atwork/limo_3.0/src/PlayStation-JoyInterface-ROS2/p9n_interface', 'symlink_install': False, 'test_result_base': None}
[0.273s] Level 5:colcon.colcon_core.verb:set package 'sdl2_vendor' build argument 'cmake_args' from command line to 'None'
[0.273s] Level 5:colcon.colcon_core.verb:set package 'sdl2_vendor' build argument 'cmake_target' from command line to 'None'
[0.273s] Level 5:colcon.colcon_core.verb:set package 'sdl2_vendor' build argument 'cmake_target_skip_unavailable' from command line to 'False'
[0.273s] Level 5:colcon.colcon_core.verb:set package 'sdl2_vendor' build argument 'cmake_clean_cache' from command line to 'False'
[0.273s] Level 5:colcon.colcon_core.verb:set package 'sdl2_vendor' build argument 'cmake_clean_first' from command line to 'False'
[0.273s] Level 5:colcon.colcon_core.verb:set package 'sdl2_vendor' build argument 'cmake_force_configure' from command line to 'False'
[0.273s] Level 5:colcon.colcon_core.verb:set package 'sdl2_vendor' build argument 'ament_cmake_args' from command line to 'None'
[0.273s] Level 5:colcon.colcon_core.verb:set package 'sdl2_vendor' build argument 'catkin_cmake_args' from command line to 'None'
[0.273s] Level 5:colcon.colcon_core.verb:set package 'sdl2_vendor' build argument 'catkin_skip_building_tests' from command line to 'False'
[0.273s] DEBUG:colcon.colcon_core.verb:Building package 'sdl2_vendor' with the following arguments: {'ament_cmake_args': None, 'build_base': '/home/atwork/limo_3.0/build/sdl2_vendor', 'catkin_cmake_args': None, 'catkin_skip_building_tests': False, 'cmake_args': None, 'cmake_clean_cache': False, 'cmake_clean_first': False, 'cmake_force_configure': False, 'cmake_target': None, 'cmake_target_skip_unavailable': False, 'install_base': '/home/atwork/limo_3.0/install/sdl2_vendor', 'merge_install': False, 'path': '/home/atwork/limo_3.0/src/joystick_drivers/sdl2_vendor', 'symlink_install': False, 'test_result_base': None}
[0.274s] Level 5:colcon.colcon_core.verb:set package 'spacenav' build argument 'cmake_args' from command line to 'None'
[0.274s] Level 5:colcon.colcon_core.verb:set package 'spacenav' build argument 'cmake_target' from command line to 'None'
[0.274s] Level 5:colcon.colcon_core.verb:set package 'spacenav' build argument 'cmake_target_skip_unavailable' from command line to 'False'
[0.274s] Level 5:colcon.colcon_core.verb:set package 'spacenav' build argument 'cmake_clean_cache' from command line to 'False'
[0.274s] Level 5:colcon.colcon_core.verb:set package 'spacenav' build argument 'cmake_clean_first' from command line to 'False'
[0.274s] Level 5:colcon.colcon_core.verb:set package 'spacenav' build argument 'cmake_force_configure' from command line to 'False'
[0.274s] Level 5:colcon.colcon_core.verb:set package 'spacenav' build argument 'ament_cmake_args' from command line to 'None'
[0.274s] Level 5:colcon.colcon_core.verb:set package 'spacenav' build argument 'catkin_cmake_args' from command line to 'None'
[0.274s] Level 5:colcon.colcon_core.verb:set package 'spacenav' build argument 'catkin_skip_building_tests' from command line to 'False'
[0.274s] DEBUG:colcon.colcon_core.verb:Building package 'spacenav' with the following arguments: {'ament_cmake_args': None, 'build_base': '/home/atwork/limo_3.0/build/spacenav', 'catkin_cmake_args': None, 'catkin_skip_building_tests': False, 'cmake_args': None, 'cmake_clean_cache': False, 'cmake_clean_first': False, 'cmake_force_configure': False, 'cmake_target': None, 'cmake_target_skip_unavailable': False, 'install_base': '/home/atwork/limo_3.0/install/spacenav', 'merge_install': False, 'path': '/home/atwork/limo_3.0/src/joystick_drivers/spacenav', 'symlink_install': False, 'test_result_base': None}
[0.274s] Level 5:colcon.colcon_core.verb:set package 'urg_node' build argument 'cmake_args' from command line to 'None'
[0.274s] Level 5:colcon.colcon_core.verb:set package 'urg_node' build argument 'cmake_target' from command line to 'None'
[0.274s] Level 5:colcon.colcon_core.verb:set package 'urg_node' build argument 'cmake_target_skip_unavailable' from command line to 'False'
[0.274s] Level 5:colcon.colcon_core.verb:set package 'urg_node' build argument 'cmake_clean_cache' from command line to 'False'
[0.274s] Level 5:colcon.colcon_core.verb:set package 'urg_node' build argument 'cmake_clean_first' from command line to 'False'
[0.274s] Level 5:colcon.colcon_core.verb:set package 'urg_node' build argument 'cmake_force_configure' from command line to 'False'
[0.274s] Level 5:colcon.colcon_core.verb:set package 'urg_node' build argument 'ament_cmake_args' from command line to 'None'
[0.274s] Level 5:colcon.colcon_core.verb:set package 'urg_node' build argument 'catkin_cmake_args' from command line to 'None'
[0.274s] Level 5:colcon.colcon_core.verb:set package 'urg_node' build argument 'catkin_skip_building_tests' from command line to 'False'
[0.274s] DEBUG:colcon.colcon_core.verb:Building package 'urg_node' with the following arguments: {'ament_cmake_args': None, 'build_base': '/home/atwork/limo_3.0/build/urg_node', 'catkin_cmake_args': None, 'catkin_skip_building_tests': False, 'cmake_args': None, 'cmake_clean_cache': False, 'cmake_clean_first': False, 'cmake_force_configure': False, 'cmake_target': None, 'cmake_target_skip_unavailable': False, 'install_base': '/home/atwork/limo_3.0/install/urg_node', 'merge_install': False, 'path': '/home/atwork/limo_3.0/src/urg_node', 'symlink_install': False, 'test_result_base': None}
[0.275s] Level 5:colcon.colcon_core.verb:set package 'wiimote_msgs' build argument 'cmake_args' from command line to 'None'
[0.275s] Level 5:colcon.colcon_core.verb:set package 'wiimote_msgs' build argument 'cmake_target' from command line to 'None'
[0.275s] Level 5:colcon.colcon_core.verb:set package 'wiimote_msgs' build argument 'cmake_target_skip_unavailable' from command line to 'False'
[0.275s] Level 5:colcon.colcon_core.verb:set package 'wiimote_msgs' build argument 'cmake_clean_cache' from command line to 'False'
[0.275s] Level 5:colcon.colcon_core.verb:set package 'wiimote_msgs' build argument 'cmake_clean_first' from command line to 'False'
[0.275s] Level 5:colcon.colcon_core.verb:set package 'wiimote_msgs' build argument 'cmake_force_configure' from command line to 'False'
[0.275s] Level 5:colcon.colcon_core.verb:set package 'wiimote_msgs' build argument 'ament_cmake_args' from command line to 'None'
[0.275s] Level 5:colcon.colcon_core.verb:set package 'wiimote_msgs' build argument 'catkin_cmake_args' from command line to 'None'
[0.275s] Level 5:colcon.colcon_core.verb:set package 'wiimote_msgs' build argument 'catkin_skip_building_tests' from command line to 'False'
[0.275s] DEBUG:colcon.colcon_core.verb:Building package 'wiimote_msgs' with the following arguments: {'ament_cmake_args': None, 'build_base': '/home/atwork/limo_3.0/build/wiimote_msgs', 'catkin_cmake_args': None, 'catkin_skip_building_tests': False, 'cmake_args': None, 'cmake_clean_cache': False, 'cmake_clean_first': False, 'cmake_force_configure': False, 'cmake_target': None, 'cmake_target_skip_unavailable': False, 'install_base': '/home/atwork/limo_3.0/install/wiimote_msgs', 'merge_install': False, 'path': '/home/atwork/limo_3.0/src/joystick_drivers/wiimote_msgs', 'symlink_install': False, 'test_result_base': None}
[0.275s] Level 5:colcon.colcon_core.verb:set package 'joy' build argument 'cmake_args' from command line to 'None'
[0.275s] Level 5:colcon.colcon_core.verb:set package 'joy' build argument 'cmake_target' from command line to 'None'
[0.275s] Level 5:colcon.colcon_core.verb:set package 'joy' build argument 'cmake_target_skip_unavailable' from command line to 'False'
[0.275s] Level 5:colcon.colcon_core.verb:set package 'joy' build argument 'cmake_clean_cache' from command line to 'False'
[0.275s] Level 5:colcon.colcon_core.verb:set package 'joy' build argument 'cmake_clean_first' from command line to 'False'
[0.275s] Level 5:colcon.colcon_core.verb:set package 'joy' build argument 'cmake_force_configure' from command line to 'False'
[0.275s] Level 5:colcon.colcon_core.verb:set package 'joy' build argument 'ament_cmake_args' from command line to 'None'
[0.275s] Level 5:colcon.colcon_core.verb:set package 'joy' build argument 'catkin_cmake_args' from command line to 'None'
[0.275s] Level 5:colcon.colcon_core.verb:set package 'joy' build argument 'catkin_skip_building_tests' from command line to 'False'
[0.275s] DEBUG:colcon.colcon_core.verb:Building package 'joy' with the following arguments: {'ament_cmake_args': None, 'build_base': '/home/atwork/limo_3.0/build/joy', 'catkin_cmake_args': None, 'catkin_skip_building_tests': False, 'cmake_args': None, 'cmake_clean_cache': False, 'cmake_clean_first': False, 'cmake_force_configure': False, 'cmake_target': None, 'cmake_target_skip_unavailable': False, 'install_base': '/home/atwork/limo_3.0/install/joy', 'merge_install': False, 'path': '/home/atwork/limo_3.0/src/joystick_drivers/joy', 'symlink_install': False, 'test_result_base': None}
[0.276s] Level 5:colcon.colcon_core.verb:set package 'limo_base' build argument 'cmake_args' from command line to 'None'
[0.276s] Level 5:colcon.colcon_core.verb:set package 'limo_base' build argument 'cmake_target' from command line to 'None'
[0.276s] Level 5:colcon.colcon_core.verb:set package 'limo_base' build argument 'cmake_target_skip_unavailable' from command line to 'False'
[0.276s] Level 5:colcon.colcon_core.verb:set package 'limo_base' build argument 'cmake_clean_cache' from command line to 'False'
[0.276s] Level 5:colcon.colcon_core.verb:set package 'limo_base' build argument 'cmake_clean_first' from command line to 'False'
[0.276s] Level 5:colcon.colcon_core.verb:set package 'limo_base' build argument 'cmake_force_configure' from command line to 'False'
[0.276s] Level 5:colcon.colcon_core.verb:set package 'limo_base' build argument 'ament_cmake_args' from command line to 'None'
[0.276s] Level 5:colcon.colcon_core.verb:set package 'limo_base' build argument 'catkin_cmake_args' from command line to 'None'
[0.276s] Level 5:colcon.colcon_core.verb:set package 'limo_base' build argument 'catkin_skip_building_tests' from command line to 'False'
[0.276s] DEBUG:colcon.colcon_core.verb:Building package 'limo_base' with the following arguments: {'ament_cmake_args': None, 'build_base': '/home/atwork/limo_3.0/build/limo_base', 'catkin_cmake_args': None, 'catkin_skip_building_tests': False, 'cmake_args': None, 'cmake_clean_cache': False, 'cmake_clean_first': False, 'cmake_force_configure': False, 'cmake_target': None, 'cmake_target_skip_unavailable': False, 'install_base': '/home/atwork/limo_3.0/install/limo_base', 'merge_install': False, 'path': '/home/atwork/limo_3.0/src/limo_ros2/limo_base', 'symlink_install': False, 'test_result_base': None}
[0.276s] Level 5:colcon.colcon_core.verb:set package 'wiimote' build argument 'cmake_args' from command line to 'None'
[0.276s] Level 5:colcon.colcon_core.verb:set package 'wiimote' build argument 'cmake_target' from command line to 'None'
[0.276s] Level 5:colcon.colcon_core.verb:set package 'wiimote' build argument 'cmake_target_skip_unavailable' from command line to 'False'
[0.276s] Level 5:colcon.colcon_core.verb:set package 'wiimote' build argument 'cmake_clean_cache' from command line to 'False'
[0.276s] Level 5:colcon.colcon_core.verb:set package 'wiimote' build argument 'cmake_clean_first' from command line to 'False'
[0.276s] Level 5:colcon.colcon_core.verb:set package 'wiimote' build argument 'cmake_force_configure' from command line to 'False'
[0.276s] Level 5:colcon.colcon_core.verb:set package 'wiimote' build argument 'ament_cmake_args' from command line to 'None'
[0.276s] Level 5:colcon.colcon_core.verb:set package 'wiimote' build argument 'catkin_cmake_args' from command line to 'None'
[0.276s] Level 5:colcon.colcon_core.verb:set package 'wiimote' build argument 'catkin_skip_building_tests' from command line to 'False'
[0.276s] DEBUG:colcon.colcon_core.verb:Building package 'wiimote' with the following arguments: {'ament_cmake_args': None, 'build_base': '/home/atwork/limo_3.0/build/wiimote', 'catkin_cmake_args': None, 'catkin_skip_building_tests': False, 'cmake_args': None, 'cmake_clean_cache': False, 'cmake_clean_first': False, 'cmake_force_configure': False, 'cmake_target': None, 'cmake_target_skip_unavailable': False, 'install_base': '/home/atwork/limo_3.0/install/wiimote', 'merge_install': False, 'path': '/home/atwork/limo_3.0/src/joystick_drivers/wiimote', 'symlink_install': False, 'test_result_base': None}
[0.276s] Level 5:colcon.colcon_core.verb:set package 'limo_bringup' build argument 'cmake_args' from command line to 'None'
[0.276s] Level 5:colcon.colcon_core.verb:set package 'limo_bringup' build argument 'cmake_target' from command line to 'None'
[0.276s] Level 5:colcon.colcon_core.verb:set package 'limo_bringup' build argument 'cmake_target_skip_unavailable' from command line to 'False'
[0.277s] Level 5:colcon.colcon_core.verb:set package 'limo_bringup' build argument 'cmake_clean_cache' from command line to 'False'
[0.277s] Level 5:colcon.colcon_core.verb:set package 'limo_bringup' build argument 'cmake_clean_first' from command line to 'False'
[0.277s] Level 5:colcon.colcon_core.verb:set package 'limo_bringup' build argument 'cmake_force_configure' from command line to 'False'
[0.277s] Level 5:colcon.colcon_core.verb:set package 'limo_bringup' build argument 'ament_cmake_args' from command line to 'None'
[0.277s] Level 5:colcon.colcon_core.verb:set package 'limo_bringup' build argument 'catkin_cmake_args' from command line to 'None'
[0.277s] Level 5:colcon.colcon_core.verb:set package 'limo_bringup' build argument 'catkin_skip_building_tests' from command line to 'False'
[0.277s] DEBUG:colcon.colcon_core.verb:Building package 'limo_bringup' with the following arguments: {'ament_cmake_args': None, 'build_base': '/home/atwork/limo_3.0/build/limo_bringup', 'catkin_cmake_args': None, 'catkin_skip_building_tests': False, 'cmake_args': None, 'cmake_clean_cache': False, 'cmake_clean_first': False, 'cmake_force_configure': False, 'cmake_target': None, 'cmake_target_skip_unavailable': False, 'install_base': '/home/atwork/limo_3.0/install/limo_bringup', 'merge_install': False, 'path': '/home/atwork/limo_3.0/src/limo_ros2/limo_bringup', 'symlink_install': False, 'test_result_base': None}
[0.277s] Level 5:colcon.colcon_core.verb:set package 'p9n_example' build argument 'cmake_args' from command line to 'None'
[0.277s] Level 5:colcon.colcon_core.verb:set package 'p9n_example' build argument 'cmake_target' from command line to 'None'
[0.277s] Level 5:colcon.colcon_core.verb:set package 'p9n_example' build argument 'cmake_target_skip_unavailable' from command line to 'False'
[0.277s] Level 5:colcon.colcon_core.verb:set package 'p9n_example' build argument 'cmake_clean_cache' from command line to 'False'
[0.277s] Level 5:colcon.colcon_core.verb:set package 'p9n_example' build argument 'cmake_clean_first' from command line to 'False'
[0.277s] Level 5:colcon.colcon_core.verb:set package 'p9n_example' build argument 'cmake_force_configure' from command line to 'False'
[0.277s] Level 5:colcon.colcon_core.verb:set package 'p9n_example' build argument 'ament_cmake_args' from command line to 'None'
[0.277s] Level 5:colcon.colcon_core.verb:set package 'p9n_example' build argument 'catkin_cmake_args' from command line to 'None'
[0.277s] Level 5:colcon.colcon_core.verb:set package 'p9n_example' build argument 'catkin_skip_building_tests' from command line to 'False'
[0.277s] DEBUG:colcon.colcon_core.verb:Building package 'p9n_example' with the following arguments: {'ament_cmake_args': None, 'build_base': '/home/atwork/limo_3.0/build/p9n_example', 'catkin_cmake_args': None, 'catkin_skip_building_tests': False, 'cmake_args': None, 'cmake_clean_cache': False, 'cmake_clean_first': False, 'cmake_force_configure': False, 'cmake_target': None, 'cmake_target_skip_unavailable': False, 'install_base': '/home/atwork/limo_3.0/install/p9n_example', 'merge_install': False, 'path': '/home/atwork/limo_3.0/src/PlayStation-JoyInterface-ROS2/p9n_example', 'symlink_install': False, 'test_result_base': None}
[0.277s] Level 5:colcon.colcon_core.verb:set package 'p9n_node' build argument 'cmake_args' from command line to 'None'
[0.277s] Level 5:colcon.colcon_core.verb:set package 'p9n_node' build argument 'cmake_target' from command line to 'None'
[0.277s] Level 5:colcon.colcon_core.verb:set package 'p9n_node' build argument 'cmake_target_skip_unavailable' from command line to 'False'
[0.277s] Level 5:colcon.colcon_core.verb:set package 'p9n_node' build argument 'cmake_clean_cache' from command line to 'False'
[0.277s] Level 5:colcon.colcon_core.verb:set package 'p9n_node' build argument 'cmake_clean_first' from command line to 'False'
[0.277s] Level 5:colcon.colcon_core.verb:set package 'p9n_node' build argument 'cmake_force_configure' from command line to 'False'
[0.277s] Level 5:colcon.colcon_core.verb:set package 'p9n_node' build argument 'ament_cmake_args' from command line to 'None'
[0.277s] Level 5:colcon.colcon_core.verb:set package 'p9n_node' build argument 'catkin_cmake_args' from command line to 'None'
[0.278s] Level 5:colcon.colcon_core.verb:set package 'p9n_node' build argument 'catkin_skip_building_tests' from command line to 'False'
[0.278s] DEBUG:colcon.colcon_core.verb:Building package 'p9n_node' with the following arguments: {'ament_cmake_args': None, 'build_base': '/home/atwork/limo_3.0/build/p9n_node', 'catkin_cmake_args': None, 'catkin_skip_building_tests': False, 'cmake_args': None, 'cmake_clean_cache': False, 'cmake_clean_first': False, 'cmake_force_configure': False, 'cmake_target': None, 'cmake_target_skip_unavailable': False, 'install_base': '/home/atwork/limo_3.0/install/p9n_node', 'merge_install': False, 'path': '/home/atwork/limo_3.0/src/PlayStation-JoyInterface-ROS2/p9n_node', 'symlink_install': False, 'test_result_base': None}
[0.278s] Level 5:colcon.colcon_core.verb:set package 'p9n_test' build argument 'cmake_args' from command line to 'None'
[0.278s] Level 5:colcon.colcon_core.verb:set package 'p9n_test' build argument 'cmake_target' from command line to 'None'
[0.278s] Level 5:colcon.colcon_core.verb:set package 'p9n_test' build argument 'cmake_target_skip_unavailable' from command line to 'False'
[0.278s] Level 5:colcon.colcon_core.verb:set package 'p9n_test' build argument 'cmake_clean_cache' from command line to 'False'
[0.278s] Level 5:colcon.colcon_core.verb:set package 'p9n_test' build argument 'cmake_clean_first' from command line to 'False'
[0.278s] Level 5:colcon.colcon_core.verb:set package 'p9n_test' build argument 'cmake_force_configure' from command line to 'False'
[0.278s] Level 5:colcon.colcon_core.verb:set package 'p9n_test' build argument 'ament_cmake_args' from command line to 'None'
[0.278s] Level 5:colcon.colcon_core.verb:set package 'p9n_test' build argument 'catkin_cmake_args' from command line to 'None'
[0.278s] Level 5:colcon.colcon_core.verb:set package 'p9n_test' build argument 'catkin_skip_building_tests' from command line to 'False'
[0.278s] DEBUG:colcon.colcon_core.verb:Building package 'p9n_test' with the following arguments: {'ament_cmake_args': None, 'build_base': '/home/atwork/limo_3.0/build/p9n_test', 'catkin_cmake_args': None, 'catkin_skip_building_tests': False, 'cmake_args': None, 'cmake_clean_cache': False, 'cmake_clean_first': False, 'cmake_force_configure': False, 'cmake_target': None, 'cmake_target_skip_unavailable': False, 'install_base': '/home/atwork/limo_3.0/install/p9n_test', 'merge_install': False, 'path': '/home/atwork/limo_3.0/src/PlayStation-JoyInterface-ROS2/p9n_test', 'symlink_install': False, 'test_result_base': None}
[0.278s] Level 5:colcon.colcon_core.verb:set package 'p9n_bringup' build argument 'cmake_args' from command line to 'None'
[0.278s] Level 5:colcon.colcon_core.verb:set package 'p9n_bringup' build argument 'cmake_target' from command line to 'None'
[0.278s] Level 5:colcon.colcon_core.verb:set package 'p9n_bringup' build argument 'cmake_target_skip_unavailable' from command line to 'False'
[0.278s] Level 5:colcon.colcon_core.verb:set package 'p9n_bringup' build argument 'cmake_clean_cache' from command line to 'False'
[0.278s] Level 5:colcon.colcon_core.verb:set package 'p9n_bringup' build argument 'cmake_clean_first' from command line to 'False'
[0.278s] Level 5:colcon.colcon_core.verb:set package 'p9n_bringup' build argument 'cmake_force_configure' from command line to 'False'
[0.279s] Level 5:colcon.colcon_core.verb:set package 'p9n_bringup' build argument 'ament_cmake_args' from command line to 'None'
[0.279s] Level 5:colcon.colcon_core.verb:set package 'p9n_bringup' build argument 'catkin_cmake_args' from command line to 'None'
[0.279s] Level 5:colcon.colcon_core.verb:set package 'p9n_bringup' build argument 'catkin_skip_building_tests' from command line to 'False'
[0.279s] DEBUG:colcon.colcon_core.verb:Building package 'p9n_bringup' with the following arguments: {'ament_cmake_args': None, 'build_base': '/home/atwork/limo_3.0/build/p9n_bringup', 'catkin_cmake_args': None, 'catkin_skip_building_tests': False, 'cmake_args': None, 'cmake_clean_cache': False, 'cmake_clean_first': False, 'cmake_force_configure': False, 'cmake_target': None, 'cmake_target_skip_unavailable': False, 'install_base': '/home/atwork/limo_3.0/install/p9n_bringup', 'merge_install': False, 'path': '/home/atwork/limo_3.0/src/PlayStation-JoyInterface-ROS2/p9n_bringup', 'symlink_install': False, 'test_result_base': None}
[0.279s] Level 5:colcon.colcon_core.verb:set package 'p9n' build argument 'cmake_args' from command line to 'None'
[0.279s] Level 5:colcon.colcon_core.verb:set package 'p9n' build argument 'cmake_target' from command line to 'None'
[0.279s] Level 5:colcon.colcon_core.verb:set package 'p9n' build argument 'cmake_target_skip_unavailable' from command line to 'False'
[0.279s] Level 5:colcon.colcon_core.verb:set package 'p9n' build argument 'cmake_clean_cache' from command line to 'False'
[0.279s] Level 5:colcon.colcon_core.verb:set package 'p9n' build argument 'cmake_clean_first' from command line to 'False'
[0.279s] Level 5:colcon.colcon_core.verb:set package 'p9n' build argument 'cmake_force_configure' from command line to 'False'
[0.279s] Level 5:colcon.colcon_core.verb:set package 'p9n' build argument 'ament_cmake_args' from command line to 'None'
[0.279s] Level 5:colcon.colcon_core.verb:set package 'p9n' build argument 'catkin_cmake_args' from command line to 'None'
[0.279s] Level 5:colcon.colcon_core.verb:set package 'p9n' build argument 'catkin_skip_building_tests' from command line to 'False'
[0.279s] DEBUG:colcon.colcon_core.verb:Building package 'p9n' with the following arguments: {'ament_cmake_args': None, 'build_base': '/home/atwork/limo_3.0/build/p9n', 'catkin_cmake_args': None, 'catkin_skip_building_tests': False, 'cmake_args': None, 'cmake_clean_cache': False, 'cmake_clean_first': False, 'cmake_force_configure': False, 'cmake_target': None, 'cmake_target_skip_unavailable': False, 'install_base': '/home/atwork/limo_3.0/install/p9n', 'merge_install': False, 'path': '/home/atwork/limo_3.0/src/PlayStation-JoyInterface-ROS2/p9n', 'symlink_install': False, 'test_result_base': None}
[0.279s] INFO:colcon.colcon_core.executor:Executing jobs using 'parallel' executor
[0.280s] DEBUG:colcon.colcon_parallel_executor.executor.parallel:run_until_complete
[0.281s] INFO:colcon.colcon_ros.task.ament_cmake.build:Building ROS package in '/home/atwork/limo_3.0/src/joystick_drivers/sdl2_vendor' with build type 'ament_cmake'
[0.281s] INFO:colcon.colcon_cmake.task.cmake.build:Building CMake package in '/home/atwork/limo_3.0/src/joystick_drivers/sdl2_vendor'
[0.284s] INFO:colcon.colcon_core.plugin_system:Skipping extension 'colcon_core.shell.bat': Not used on non-Windows systems
[0.284s] INFO:colcon.colcon_core.shell:Skip shell extension 'powershell' for command environment: Not usable outside of PowerShell
[0.284s] DEBUG:colcon.colcon_core.shell:Skip shell extension 'dsv' for command environment
[0.288s] INFO:colcon.colcon_ros.task.ament_cmake.build:Building ROS package in '/home/atwork/limo_3.0/src/PlayStation-JoyInterface-ROS2/p9n_interface' with build type 'ament_cmake'
[0.288s] INFO:colcon.colcon_cmake.task.cmake.build:Building CMake package in '/home/atwork/limo_3.0/src/PlayStation-JoyInterface-ROS2/p9n_interface'
[0.289s] INFO:colcon.colcon_core.shell:Skip shell extension 'powershell' for command environment: Not usable outside of PowerShell
[0.289s] DEBUG:colcon.colcon_core.shell:Skip shell extension 'dsv' for command environment
[0.294s] INFO:colcon.colcon_ros.task.ament_cmake.build:Building ROS package in '/home/atwork/limo_3.0/src/limo_ros2/limo_msgs' with build type 'ament_cmake'
[0.295s] INFO:colcon.colcon_cmake.task.cmake.build:Building CMake package in '/home/atwork/limo_3.0/src/limo_ros2/limo_msgs'
[0.295s] INFO:colcon.colcon_core.shell:Skip shell extension 'powershell' for command environment: Not usable outside of PowerShell
[0.295s] DEBUG:colcon.colcon_core.shell:Skip shell extension 'dsv' for command environment
[0.299s] INFO:colcon.colcon_ros.task.ament_cmake.build:Building ROS package in '/home/atwork/limo_3.0/src/limo_ros2/limo_description' with build type 'ament_cmake'
[0.299s] INFO:colcon.colcon_cmake.task.cmake.build:Building CMake package in '/home/atwork/limo_3.0/src/limo_ros2/limo_description'
[0.299s] INFO:colcon.colcon_core.shell:Skip shell extension 'powershell' for command environment: Not usable outside of PowerShell
[0.299s] DEBUG:colcon.colcon_core.shell:Skip shell extension 'dsv' for command environment
[0.307s] DEBUG:colcon.colcon_core.event_handler.log_command:Invoking command in '/home/atwork/limo_3.0/build/sdl2_vendor': CMAKE_PREFIX_PATH=${CMAKE_PREFIX_PATH}:/home/atwork/limo_3.0/install/limo_bringup:/home/atwork/limo_3.0/install/p9n_bringup:/home/atwork/limo_3.0/install/limo_cartographer:/opt/ros/jazzy DEBUGINFOD_URLS=https://debuginfod.ubuntu.com /usr/bin/cmake --build /home/atwork/limo_3.0/build/sdl2_vendor -- -j4 -l4
[0.312s] DEBUG:colcon.colcon_core.event_handler.log_command:Invoking command in '/home/atwork/limo_3.0/build/p9n_interface': CMAKE_PREFIX_PATH=${CMAKE_PREFIX_PATH}:/home/atwork/limo_3.0/install/limo_bringup:/home/atwork/limo_3.0/install/p9n_bringup:/home/atwork/limo_3.0/install/limo_cartographer:/opt/ros/jazzy DEBUGINFOD_URLS=https://debuginfod.ubuntu.com /usr/bin/cmake --build /home/atwork/limo_3.0/build/p9n_interface -- -j4 -l4
[0.317s] DEBUG:colcon.colcon_core.event_handler.log_command:Invoking command in '/home/atwork/limo_3.0/build/limo_msgs': CMAKE_PREFIX_PATH=${CMAKE_PREFIX_PATH}:/home/atwork/limo_3.0/install/limo_bringup:/home/atwork/limo_3.0/install/p9n_bringup:/home/atwork/limo_3.0/install/limo_cartographer:/opt/ros/jazzy DEBUGINFOD_URLS=https://debuginfod.ubuntu.com /usr/bin/cmake --build /home/atwork/limo_3.0/build/limo_msgs -- -j4 -l4
[0.327s] DEBUG:colcon.colcon_core.event_handler.log_command:Invoking command in '/home/atwork/limo_3.0/build/limo_description': CMAKE_PREFIX_PATH=${CMAKE_PREFIX_PATH}:/home/atwork/limo_3.0/install/limo_bringup:/home/atwork/limo_3.0/install/p9n_bringup:/home/atwork/limo_3.0/install/limo_cartographer:/opt/ros/jazzy DEBUGINFOD_URLS=https://debuginfod.ubuntu.com /usr/bin/cmake --build /home/atwork/limo_3.0/build/limo_description -- -j4 -l4
[0.362s] DEBUG:colcon.colcon_core.event_handler.log_command:Invoked command in '/home/atwork/limo_3.0/build/sdl2_vendor' returned '0': CMAKE_PREFIX_PATH=${CMAKE_PREFIX_PATH}:/home/atwork/limo_3.0/install/limo_bringup:/home/atwork/limo_3.0/install/p9n_bringup:/home/atwork/limo_3.0/install/limo_cartographer:/opt/ros/jazzy DEBUGINFOD_URLS=https://debuginfod.ubuntu.com /usr/bin/cmake --build /home/atwork/limo_3.0/build/sdl2_vendor -- -j4 -l4
[0.377s] DEBUG:colcon.colcon_core.event_handler.log_command:Invoking command in '/home/atwork/limo_3.0/build/sdl2_vendor': CMAKE_PREFIX_PATH=${CMAKE_PREFIX_PATH}:/home/atwork/limo_3.0/install/limo_bringup:/home/atwork/limo_3.0/install/p9n_bringup:/home/atwork/limo_3.0/install/limo_cartographer:/opt/ros/jazzy DEBUGINFOD_URLS=https://debuginfod.ubuntu.com /usr/bin/cmake --install /home/atwork/limo_3.0/build/sdl2_vendor
[0.380s] DEBUG:colcon.colcon_core.event_handler.log_command:Invoked command in '/home/atwork/limo_3.0/build/limo_description' returned '0': CMAKE_PREFIX_PATH=${CMAKE_PREFIX_PATH}:/home/atwork/limo_3.0/install/limo_bringup:/home/atwork/limo_3.0/install/p9n_bringup:/home/atwork/limo_3.0/install/limo_cartographer:/opt/ros/jazzy DEBUGINFOD_URLS=https://debuginfod.ubuntu.com /usr/bin/cmake --build /home/atwork/limo_3.0/build/limo_description -- -j4 -l4
[0.380s] DEBUG:colcon.colcon_core.event_handler.log_command:Invoking command in '/home/atwork/limo_3.0/build/limo_description': CMAKE_PREFIX_PATH=${CMAKE_PREFIX_PATH}:/home/atwork/limo_3.0/install/limo_bringup:/home/atwork/limo_3.0/install/p9n_bringup:/home/atwork/limo_3.0/install/limo_cartographer:/opt/ros/jazzy DEBUGINFOD_URLS=https://debuginfod.ubuntu.com /usr/bin/cmake --install /home/atwork/limo_3.0/build/limo_description
[0.395s] Level 1:colcon.colcon_core.environment:create_environment_scripts_only(sdl2_vendor)
[0.402s] Level 1:colcon.colcon_core.environment:checking '/home/atwork/limo_3.0/install/sdl2_vendor' for CMake module files
[0.404s] DEBUG:colcon.colcon_core.event_handler.log_command:Invoked command in '/home/atwork/limo_3.0/build/sdl2_vendor' returned '0': CMAKE_PREFIX_PATH=${CMAKE_PREFIX_PATH}:/home/atwork/limo_3.0/install/limo_bringup:/home/atwork/limo_3.0/install/p9n_bringup:/home/atwork/limo_3.0/install/limo_cartographer:/opt/ros/jazzy DEBUGINFOD_URLS=https://debuginfod.ubuntu.com /usr/bin/cmake --install /home/atwork/limo_3.0/build/sdl2_vendor
[0.404s] Level 1:colcon.colcon_core.environment:checking '/home/atwork/limo_3.0/install/sdl2_vendor' for CMake config files
[0.405s] Level 1:colcon.colcon_core.shell:create_environment_hook('sdl2_vendor', 'cmake_prefix_path')
[0.405s] INFO:colcon.colcon_core.shell:Creating environment hook '/home/atwork/limo_3.0/install/sdl2_vendor/share/sdl2_vendor/hook/cmake_prefix_path.ps1'
[0.413s] INFO:colcon.colcon_core.shell:Creating environment descriptor '/home/atwork/limo_3.0/install/sdl2_vendor/share/sdl2_vendor/hook/cmake_prefix_path.dsv'
[0.414s] INFO:colcon.colcon_core.shell:Creating environment hook '/home/atwork/limo_3.0/install/sdl2_vendor/share/sdl2_vendor/hook/cmake_prefix_path.sh'
[0.422s] Level 1:colcon.colcon_core.environment:checking '/home/atwork/limo_3.0/install/sdl2_vendor/bin'
[0.423s] Level 1:colcon.colcon_core.environment:checking '/home/atwork/limo_3.0/install/sdl2_vendor/lib/pkgconfig/sdl2_vendor.pc'
[0.423s] Level 1:colcon.colcon_core.environment:checking '/home/atwork/limo_3.0/install/sdl2_vendor/lib/python3.12/site-packages'
[0.424s] Level 1:colcon.colcon_core.environment:checking '/home/atwork/limo_3.0/install/sdl2_vendor/bin'
[0.424s] INFO:colcon.colcon_core.shell:Creating package script '/home/atwork/limo_3.0/install/sdl2_vendor/share/sdl2_vendor/package.ps1'
[0.426s] INFO:colcon.colcon_core.shell:Creating package descriptor '/home/atwork/limo_3.0/install/sdl2_vendor/share/sdl2_vendor/package.dsv'
[0.427s] INFO:colcon.colcon_core.shell:Creating package script '/home/atwork/limo_3.0/install/sdl2_vendor/share/sdl2_vendor/package.sh'
[0.428s] INFO:colcon.colcon_core.shell:Creating package script '/home/atwork/limo_3.0/install/sdl2_vendor/share/sdl2_vendor/package.bash'
[0.429s] INFO:colcon.colcon_core.shell:Creating package script '/home/atwork/limo_3.0/install/sdl2_vendor/share/sdl2_vendor/package.zsh'
[0.430s] Level 1:colcon.colcon_core.environment:create_file_with_runtime_dependencies(/home/atwork/limo_3.0/install/sdl2_vendor/share/colcon-core/packages/sdl2_vendor)
[0.431s] Level 1:colcon.colcon_core.environment:create_environment_scripts_only(sdl2_vendor)
[0.431s] Level 1:colcon.colcon_core.environment:checking '/home/atwork/limo_3.0/install/sdl2_vendor' for CMake module files
[0.432s] Level 1:colcon.colcon_core.environment:checking '/home/atwork/limo_3.0/install/sdl2_vendor' for CMake config files
[0.432s] Level 1:colcon.colcon_core.shell:create_environment_hook('sdl2_vendor', 'cmake_prefix_path')
[0.433s] INFO:colcon.colcon_core.shell:Creating environment hook '/home/atwork/limo_3.0/install/sdl2_vendor/share/sdl2_vendor/hook/cmake_prefix_path.ps1'
[0.433s] INFO:colcon.colcon_core.shell:Creating environment descriptor '/home/atwork/limo_3.0/install/sdl2_vendor/share/sdl2_vendor/hook/cmake_prefix_path.dsv'
[0.434s] INFO:colcon.colcon_core.shell:Creating environment hook '/home/atwork/limo_3.0/install/sdl2_vendor/share/sdl2_vendor/hook/cmake_prefix_path.sh'
[0.434s] Level 1:colcon.colcon_core.environment:checking '/home/atwork/limo_3.0/install/sdl2_vendor/bin'
[0.434s] Level 1:colcon.colcon_core.environment:checking '/home/atwork/limo_3.0/install/sdl2_vendor/lib/pkgconfig/sdl2_vendor.pc'
[0.435s] Level 1:colcon.colcon_core.environment:checking '/home/atwork/limo_3.0/install/sdl2_vendor/lib/python3.12/site-packages'
[0.435s] Level 1:colcon.colcon_core.environment:checking '/home/atwork/limo_3.0/install/sdl2_vendor/bin'
[0.436s] INFO:colcon.colcon_core.shell:Creating package script '/home/atwork/limo_3.0/install/sdl2_vendor/share/sdl2_vendor/package.ps1'
[0.436s] INFO:colcon.colcon_core.shell:Creating package descriptor '/home/atwork/limo_3.0/install/sdl2_vendor/share/sdl2_vendor/package.dsv'
[0.437s] INFO:colcon.colcon_core.shell:Creating package script '/home/atwork/limo_3.0/install/sdl2_vendor/share/sdl2_vendor/package.sh'
[0.438s] INFO:colcon.colcon_core.shell:Creating package script '/home/atwork/limo_3.0/install/sdl2_vendor/share/sdl2_vendor/package.bash'
[0.438s] INFO:colcon.colcon_core.shell:Creating package script '/home/atwork/limo_3.0/install/sdl2_vendor/share/sdl2_vendor/package.zsh'
[0.439s] Level 1:colcon.colcon_core.environment:create_file_with_runtime_dependencies(/home/atwork/limo_3.0/install/sdl2_vendor/share/colcon-core/packages/sdl2_vendor)
[0.441s] INFO:colcon.colcon_ros.task.ament_cmake.build:Building ROS package in '/home/atwork/limo_3.0/src/joystick_drivers/joy' with build type 'ament_cmake'
[0.441s] INFO:colcon.colcon_cmake.task.cmake.build:Building CMake package in '/home/atwork/limo_3.0/src/joystick_drivers/joy'
[0.442s] INFO:colcon.colcon_core.shell:Skip shell extension 'powershell' for command environment: Not usable outside of PowerShell
[0.442s] DEBUG:colcon.colcon_core.shell:Skip shell extension 'dsv' for command environment
[0.452s] Level 1:colcon.colcon_core.environment:create_environment_scripts_only(limo_description)
[0.453s] Level 1:colcon.colcon_core.environment:checking '/home/atwork/limo_3.0/install/limo_description' for CMake module files
[0.453s] DEBUG:colcon.colcon_core.event_handler.log_command:Invoked command in '/home/atwork/limo_3.0/build/limo_description' returned '0': CMAKE_PREFIX_PATH=${CMAKE_PREFIX_PATH}:/home/atwork/limo_3.0/install/limo_bringup:/home/atwork/limo_3.0/install/p9n_bringup:/home/atwork/limo_3.0/install/limo_cartographer:/opt/ros/jazzy DEBUGINFOD_URLS=https://debuginfod.ubuntu.com /usr/bin/cmake --install /home/atwork/limo_3.0/build/limo_description
[0.454s] Level 1:colcon.colcon_core.environment:checking '/home/atwork/limo_3.0/install/limo_description' for CMake config files
[0.455s] Level 1:colcon.colcon_core.shell:create_environment_hook('limo_description', 'cmake_prefix_path')
[0.455s] INFO:colcon.colcon_core.shell:Creating environment hook '/home/atwork/limo_3.0/install/limo_description/share/limo_description/hook/cmake_prefix_path.ps1'
[0.456s] INFO:colcon.colcon_core.shell:Creating environment descriptor '/home/atwork/limo_3.0/install/limo_description/share/limo_description/hook/cmake_prefix_path.dsv'
[0.456s] INFO:colcon.colcon_core.shell:Creating environment hook '/home/atwork/limo_3.0/install/limo_description/share/limo_description/hook/cmake_prefix_path.sh'
[0.457s] Level 1:colcon.colcon_core.environment:checking '/home/atwork/limo_3.0/install/limo_description/bin'
[0.458s] Level 1:colcon.colcon_core.environment:checking '/home/atwork/limo_3.0/install/limo_description/lib/pkgconfig/limo_description.pc'
[0.458s] Level 1:colcon.colcon_core.environment:checking '/home/atwork/limo_3.0/install/limo_description/lib/python3.12/site-packages'
[0.459s] Level 1:colcon.colcon_core.environment:checking '/home/atwork/limo_3.0/install/limo_description/bin'
[0.459s] INFO:colcon.colcon_core.shell:Creating package script '/home/atwork/limo_3.0/install/limo_description/share/limo_description/package.ps1'
[0.460s] INFO:colcon.colcon_core.shell:Creating package descriptor '/home/atwork/limo_3.0/install/limo_description/share/limo_description/package.dsv'
[0.460s] INFO:colcon.colcon_core.shell:Creating package script '/home/atwork/limo_3.0/install/limo_description/share/limo_description/package.sh'
[0.461s] INFO:colcon.colcon_core.shell:Creating package script '/home/atwork/limo_3.0/install/limo_description/share/limo_description/package.bash'
[0.462s] INFO:colcon.colcon_core.shell:Creating package script '/home/atwork/limo_3.0/install/limo_description/share/limo_description/package.zsh'
[0.463s] Level 1:colcon.colcon_core.environment:create_file_with_runtime_dependencies(/home/atwork/limo_3.0/install/limo_description/share/colcon-core/packages/limo_description)
[0.464s] Level 1:colcon.colcon_core.environment:create_environment_scripts_only(limo_description)
[0.464s] Level 1:colcon.colcon_core.environment:checking '/home/atwork/limo_3.0/install/limo_description' for CMake module files
[0.465s] Level 1:colcon.colcon_core.environment:checking '/home/atwork/limo_3.0/install/limo_description' for CMake config files
[0.465s] Level 1:colcon.colcon_core.shell:create_environment_hook('limo_description', 'cmake_prefix_path')
[0.465s] INFO:colcon.colcon_core.shell:Creating environment hook '/home/atwork/limo_3.0/install/limo_description/share/limo_description/hook/cmake_prefix_path.ps1'
[0.466s] INFO:colcon.colcon_core.shell:Creating environment descriptor '/home/atwork/limo_3.0/install/limo_description/share/limo_description/hook/cmake_prefix_path.dsv'
[0.466s] INFO:colcon.colcon_core.shell:Creating environment hook '/home/atwork/limo_3.0/install/limo_description/share/limo_description/hook/cmake_prefix_path.sh'
[0.467s] Level 1:colcon.colcon_core.environment:checking '/home/atwork/limo_3.0/install/limo_description/bin'
[0.467s] Level 1:colcon.colcon_core.environment:checking '/home/atwork/limo_3.0/install/limo_description/lib/pkgconfig/limo_description.pc'
[0.467s] Level 1:colcon.colcon_core.environment:checking '/home/atwork/limo_3.0/install/limo_description/lib/python3.12/site-packages'
[0.468s] Level 1:colcon.colcon_core.environment:checking '/home/atwork/limo_3.0/install/limo_description/bin'
[0.468s] INFO:colcon.colcon_core.shell:Creating package script '/home/atwork/limo_3.0/install/limo_description/share/limo_description/package.ps1'
[0.469s] INFO:colcon.colcon_core.shell:Creating package descriptor '/home/atwork/limo_3.0/install/limo_description/share/limo_description/package.dsv'
[0.470s] INFO:colcon.colcon_core.shell:Creating package script '/home/atwork/limo_3.0/install/limo_description/share/limo_description/package.sh'
[0.471s] INFO:colcon.colcon_core.shell:Creating package script '/home/atwork/limo_3.0/install/limo_description/share/limo_description/package.bash'
[0.471s] INFO:colcon.colcon_core.shell:Creating package script '/home/atwork/limo_3.0/install/limo_description/share/limo_description/package.zsh'
[0.472s] Level 1:colcon.colcon_core.environment:create_file_with_runtime_dependencies(/home/atwork/limo_3.0/install/limo_description/share/colcon-core/packages/limo_description)
[0.474s] INFO:colcon.colcon_ros.task.ament_cmake.build:Building ROS package in '/home/atwork/limo_3.0/src/urg_node' with build type 'ament_cmake'
[0.474s] INFO:colcon.colcon_cmake.task.cmake.build:Building CMake package in '/home/atwork/limo_3.0/src/urg_node'
[0.474s] INFO:colcon.colcon_core.shell:Skip shell extension 'powershell' for command environment: Not usable outside of PowerShell
[0.474s] DEBUG:colcon.colcon_core.shell:Skip shell extension 'dsv' for command environment
[0.484s] DEBUG:colcon.colcon_core.event_handler.log_command:Invoked command in '/home/atwork/limo_3.0/build/p9n_interface' returned '0': CMAKE_PREFIX_PATH=${CMAKE_PREFIX_PATH}:/home/atwork/limo_3.0/install/limo_bringup:/home/atwork/limo_3.0/install/p9n_bringup:/home/atwork/limo_3.0/install/limo_cartographer:/opt/ros/jazzy DEBUGINFOD_URLS=https://debuginfod.ubuntu.com /usr/bin/cmake --build /home/atwork/limo_3.0/build/p9n_interface -- -j4 -l4
[0.486s] DEBUG:colcon.colcon_core.event_handler.log_command:Invoking command in '/home/atwork/limo_3.0/build/p9n_interface': CMAKE_PREFIX_PATH=${CMAKE_PREFIX_PATH}:/home/atwork/limo_3.0/install/limo_bringup:/home/atwork/limo_3.0/install/p9n_bringup:/home/atwork/limo_3.0/install/limo_cartographer:/opt/ros/jazzy DEBUGINFOD_URLS=https://debuginfod.ubuntu.com /usr/bin/cmake --install /home/atwork/limo_3.0/build/p9n_interface
[0.490s] DEBUG:colcon.colcon_core.event_handler.log_command:Invoking command in '/home/atwork/limo_3.0/build/joy': CMAKE_PREFIX_PATH=/home/atwork/limo_3.0/install/sdl2_vendor:/home/atwork/limo_3.0/install/wiimote:/home/atwork/limo_3.0/install/wiimote_msgs:/home/atwork/limo_3.0/install/urg_node:/home/atwork/limo_3.0/install/spacenav:/home/atwork/limo_3.0/install/p9n:/home/atwork/limo_3.0/install/p9n_test:/home/atwork/limo_3.0/install/p9n_node:/home/atwork/limo_3.0/install/p9n_example:/home/atwork/limo_3.0/install/joy:/home/atwork/limo_3.0/install/p9n_interface:/home/atwork/limo_3.0/install/limo_base:/home/atwork/limo_3.0/install/limo_msgs:/home/atwork/limo_3.0/install/limo_description:/home/atwork/limo_3.0/install/joy_linux:/opt/ros/jazzy/opt/gz_math_vendor:/opt/ros/jazzy/opt/gz_utils_vendor:/opt/ros/jazzy/opt/gz_cmake_vendor:/home/atwork/limo_3.0/install/limo_bringup:/home/atwork/limo_3.0/install/p9n_bringup:/home/atwork/limo_3.0/install/limo_cartographer:/opt/ros/jazzy DEBUGINFOD_URLS=https://debuginfod.ubuntu.com /usr/bin/cmake --build /home/atwork/limo_3.0/build/joy -- -j4 -l4
[0.499s] DEBUG:colcon.colcon_core.event_handler.log_command:Invoking command in '/home/atwork/limo_3.0/build/urg_node': CMAKE_PREFIX_PATH=${CMAKE_PREFIX_PATH}:/home/atwork/limo_3.0/install/limo_bringup:/home/atwork/limo_3.0/install/p9n_bringup:/home/atwork/limo_3.0/install/limo_cartographer:/opt/ros/jazzy DEBUGINFOD_URLS=https://debuginfod.ubuntu.com /usr/bin/cmake --build /home/atwork/limo_3.0/build/urg_node -- -j4 -l4
[0.516s] Level 1:colcon.colcon_core.environment:create_environment_scripts_only(p9n_interface)
[0.516s] Level 1:colcon.colcon_core.environment:checking '/home/atwork/limo_3.0/install/p9n_interface' for CMake module files
[0.517s] Level 1:colcon.colcon_core.environment:checking '/home/atwork/limo_3.0/install/p9n_interface' for CMake config files
[0.517s] Level 1:colcon.colcon_core.shell:create_environment_hook('p9n_interface', 'cmake_prefix_path')
[0.518s] INFO:colcon.colcon_core.shell:Creating environment hook '/home/atwork/limo_3.0/install/p9n_interface/share/p9n_interface/hook/cmake_prefix_path.ps1'
[0.519s] DEBUG:colcon.colcon_core.event_handler.log_command:Invoked command in '/home/atwork/limo_3.0/build/p9n_interface' returned '0': CMAKE_PREFIX_PATH=${CMAKE_PREFIX_PATH}:/home/atwork/limo_3.0/install/limo_bringup:/home/atwork/limo_3.0/install/p9n_bringup:/home/atwork/limo_3.0/install/limo_cartographer:/opt/ros/jazzy DEBUGINFOD_URLS=https://debuginfod.ubuntu.com /usr/bin/cmake --install /home/atwork/limo_3.0/build/p9n_interface
[0.520s] INFO:colcon.colcon_core.shell:Creating environment descriptor '/home/atwork/limo_3.0/install/p9n_interface/share/p9n_interface/hook/cmake_prefix_path.dsv'
[0.521s] INFO:colcon.colcon_core.shell:Creating environment hook '/home/atwork/limo_3.0/install/p9n_interface/share/p9n_interface/hook/cmake_prefix_path.sh'
[0.524s] Level 1:colcon.colcon_core.environment:checking '/home/atwork/limo_3.0/install/p9n_interface/lib'
[0.525s] Level 1:colcon.colcon_core.environment:checking '/home/atwork/limo_3.0/install/p9n_interface/bin'
[0.526s] Level 1:colcon.colcon_core.environment:checking '/home/atwork/limo_3.0/install/p9n_interface/lib/pkgconfig/p9n_interface.pc'
[0.527s] Level 1:colcon.colcon_core.environment:checking '/home/atwork/limo_3.0/install/p9n_interface/lib/python3.12/site-packages'
[0.528s] Level 1:colcon.colcon_core.environment:checking '/home/atwork/limo_3.0/install/p9n_interface/bin'
[0.528s] INFO:colcon.colcon_core.shell:Creating package script '/home/atwork/limo_3.0/install/p9n_interface/share/p9n_interface/package.ps1'
[0.531s] INFO:colcon.colcon_core.shell:Creating package descriptor '/home/atwork/limo_3.0/install/p9n_interface/share/p9n_interface/package.dsv'
[0.532s] INFO:colcon.colcon_core.shell:Creating package script '/home/atwork/limo_3.0/install/p9n_interface/share/p9n_interface/package.sh'
[0.533s] INFO:colcon.colcon_core.shell:Creating package script '/home/atwork/limo_3.0/install/p9n_interface/share/p9n_interface/package.bash'
[0.535s] INFO:colcon.colcon_core.shell:Creating package script '/home/atwork/limo_3.0/install/p9n_interface/share/p9n_interface/package.zsh'
[0.539s] Level 1:colcon.colcon_core.environment:create_file_with_runtime_dependencies(/home/atwork/limo_3.0/install/p9n_interface/share/colcon-core/packages/p9n_interface)
[0.540s] Level 1:colcon.colcon_core.environment:create_environment_scripts_only(p9n_interface)
[0.540s] Level 1:colcon.colcon_core.environment:checking '/home/atwork/limo_3.0/install/p9n_interface' for CMake module files
[0.541s] Level 1:colcon.colcon_core.environment:checking '/home/atwork/limo_3.0/install/p9n_interface' for CMake config files
[0.548s] Level 1:colcon.colcon_core.shell:create_environment_hook('p9n_interface', 'cmake_prefix_path')
[0.548s] INFO:colcon.colcon_core.shell:Creating environment hook '/home/atwork/limo_3.0/install/p9n_interface/share/p9n_interface/hook/cmake_prefix_path.ps1'
[0.549s] INFO:colcon.colcon_core.shell:Creating environment descriptor '/home/atwork/limo_3.0/install/p9n_interface/share/p9n_interface/hook/cmake_prefix_path.dsv'
[0.549s] INFO:colcon.colcon_core.shell:Creating environment hook '/home/atwork/limo_3.0/install/p9n_interface/share/p9n_interface/hook/cmake_prefix_path.sh'
[0.550s] Level 1:colcon.colcon_core.environment:checking '/home/atwork/limo_3.0/install/p9n_interface/lib'
[0.550s] Level 1:colcon.colcon_core.environment:checking '/home/atwork/limo_3.0/install/p9n_interface/bin'
[0.550s] Level 1:colcon.colcon_core.environment:checking '/home/atwork/limo_3.0/install/p9n_interface/lib/pkgconfig/p9n_interface.pc'
[0.550s] Level 1:colcon.colcon_core.environment:checking '/home/atwork/limo_3.0/install/p9n_interface/lib/python3.12/site-packages'
[0.551s] Level 1:colcon.colcon_core.environment:checking '/home/atwork/limo_3.0/install/p9n_interface/bin'
[0.551s] INFO:colcon.colcon_core.shell:Creating package script '/home/atwork/limo_3.0/install/p9n_interface/share/p9n_interface/package.ps1'
[0.552s] INFO:colcon.colcon_core.shell:Creating package descriptor '/home/atwork/limo_3.0/install/p9n_interface/share/p9n_interface/package.dsv'
[0.553s] INFO:colcon.colcon_core.shell:Creating package script '/home/atwork/limo_3.0/install/p9n_interface/share/p9n_interface/package.sh'
[0.554s] INFO:colcon.colcon_core.shell:Creating package script '/home/atwork/limo_3.0/install/p9n_interface/share/p9n_interface/package.bash'
[0.554s] INFO:colcon.colcon_core.shell:Creating package script '/home/atwork/limo_3.0/install/p9n_interface/share/p9n_interface/package.zsh'
[0.555s] Level 1:colcon.colcon_core.environment:create_file_with_runtime_dependencies(/home/atwork/limo_3.0/install/p9n_interface/share/colcon-core/packages/p9n_interface)
[0.555s] INFO:colcon.colcon_ros.task.ament_cmake.build:Building ROS package in '/home/atwork/limo_3.0/src/joystick_drivers/wiimote_msgs' with build type 'ament_cmake'
[0.556s] INFO:colcon.colcon_cmake.task.cmake.build:Building CMake package in '/home/atwork/limo_3.0/src/joystick_drivers/wiimote_msgs'
[0.557s] INFO:colcon.colcon_core.shell:Skip shell extension 'powershell' for command environment: Not usable outside of PowerShell
[0.557s] DEBUG:colcon.colcon_core.shell:Skip shell extension 'dsv' for command environment
[0.585s] DEBUG:colcon.colcon_core.event_handler.log_command:Invoking command in '/home/atwork/limo_3.0/build/wiimote_msgs': CMAKE_PREFIX_PATH=${CMAKE_PREFIX_PATH}:/home/atwork/limo_3.0/install/limo_bringup:/home/atwork/limo_3.0/install/p9n_bringup:/home/atwork/limo_3.0/install/limo_cartographer:/opt/ros/jazzy DEBUGINFOD_URLS=https://debuginfod.ubuntu.com /usr/bin/cmake --build /home/atwork/limo_3.0/build/wiimote_msgs -- -j4 -l4
[0.797s] DEBUG:colcon.colcon_core.event_handler.log_command:Invoked command in '/home/atwork/limo_3.0/build/joy' returned '0': CMAKE_PREFIX_PATH=/home/atwork/limo_3.0/install/sdl2_vendor:/home/atwork/limo_3.0/install/wiimote:/home/atwork/limo_3.0/install/wiimote_msgs:/home/atwork/limo_3.0/install/urg_node:/home/atwork/limo_3.0/install/spacenav:/home/atwork/limo_3.0/install/p9n:/home/atwork/limo_3.0/install/p9n_test:/home/atwork/limo_3.0/install/p9n_node:/home/atwork/limo_3.0/install/p9n_example:/home/atwork/limo_3.0/install/joy:/home/atwork/limo_3.0/install/p9n_interface:/home/atwork/limo_3.0/install/limo_base:/home/atwork/limo_3.0/install/limo_msgs:/home/atwork/limo_3.0/install/limo_description:/home/atwork/limo_3.0/install/joy_linux:/opt/ros/jazzy/opt/gz_math_vendor:/opt/ros/jazzy/opt/gz_utils_vendor:/opt/ros/jazzy/opt/gz_cmake_vendor:/home/atwork/limo_3.0/install/limo_bringup:/home/atwork/limo_3.0/install/p9n_bringup:/home/atwork/limo_3.0/install/limo_cartographer:/opt/ros/jazzy DEBUGINFOD_URLS=https://debuginfod.ubuntu.com /usr/bin/cmake --build /home/atwork/limo_3.0/build/joy -- -j4 -l4
[0.798s] DEBUG:colcon.colcon_core.event_handler.log_command:Invoking command in '/home/atwork/limo_3.0/build/joy': CMAKE_PREFIX_PATH=/home/atwork/limo_3.0/install/sdl2_vendor:/home/atwork/limo_3.0/install/wiimote:/home/atwork/limo_3.0/install/wiimote_msgs:/home/atwork/limo_3.0/install/urg_node:/home/atwork/limo_3.0/install/spacenav:/home/atwork/limo_3.0/install/p9n:/home/atwork/limo_3.0/install/p9n_test:/home/atwork/limo_3.0/install/p9n_node:/home/atwork/limo_3.0/install/p9n_example:/home/atwork/limo_3.0/install/joy:/home/atwork/limo_3.0/install/p9n_interface:/home/atwork/limo_3.0/install/limo_base:/home/atwork/limo_3.0/install/limo_msgs:/home/atwork/limo_3.0/install/limo_description:/home/atwork/limo_3.0/install/joy_linux:/opt/ros/jazzy/opt/gz_math_vendor:/opt/ros/jazzy/opt/gz_utils_vendor:/opt/ros/jazzy/opt/gz_cmake_vendor:/home/atwork/limo_3.0/install/limo_bringup:/home/atwork/limo_3.0/install/p9n_bringup:/home/atwork/limo_3.0/install/limo_cartographer:/opt/ros/jazzy DEBUGINFOD_URLS=https://debuginfod.ubuntu.com /usr/bin/cmake --install /home/atwork/limo_3.0/build/joy
[0.819s] DEBUG:colcon.colcon_core.event_handler.log_command:Invoked command in '/home/atwork/limo_3.0/build/urg_node' returned '0': CMAKE_PREFIX_PATH=${CMAKE_PREFIX_PATH}:/home/atwork/limo_3.0/install/limo_bringup:/home/atwork/limo_3.0/install/p9n_bringup:/home/atwork/limo_3.0/install/limo_cartographer:/opt/ros/jazzy DEBUGINFOD_URLS=https://debuginfod.ubuntu.com /usr/bin/cmake --build /home/atwork/limo_3.0/build/urg_node -- -j4 -l4
[0.822s] DEBUG:colcon.colcon_core.event_handler.log_command:Invoking command in '/home/atwork/limo_3.0/build/urg_node': CMAKE_PREFIX_PATH=${CMAKE_PREFIX_PATH}:/home/atwork/limo_3.0/install/limo_bringup:/home/atwork/limo_3.0/install/p9n_bringup:/home/atwork/limo_3.0/install/limo_cartographer:/opt/ros/jazzy DEBUGINFOD_URLS=https://debuginfod.ubuntu.com /usr/bin/cmake --install /home/atwork/limo_3.0/build/urg_node
[0.863s] Level 1:colcon.colcon_core.environment:create_environment_scripts_only(joy)
[0.863s] Level 1:colcon.colcon_core.environment:checking '/home/atwork/limo_3.0/install/joy' for CMake module files
[0.864s] Level 1:colcon.colcon_core.environment:checking '/home/atwork/limo_3.0/install/joy' for CMake config files
[0.864s] Level 1:colcon.colcon_core.shell:create_environment_hook('joy', 'cmake_prefix_path')
[0.868s] INFO:colcon.colcon_core.shell:Creating environment hook '/home/atwork/limo_3.0/install/joy/share/joy/hook/cmake_prefix_path.ps1'
[0.874s] DEBUG:colcon.colcon_core.event_handler.log_command:Invoked command in '/home/atwork/limo_3.0/build/joy' returned '0': CMAKE_PREFIX_PATH=/home/atwork/limo_3.0/install/sdl2_vendor:/home/atwork/limo_3.0/install/wiimote:/home/atwork/limo_3.0/install/wiimote_msgs:/home/atwork/limo_3.0/install/urg_node:/home/atwork/limo_3.0/install/spacenav:/home/atwork/limo_3.0/install/p9n:/home/atwork/limo_3.0/install/p9n_test:/home/atwork/limo_3.0/install/p9n_node:/home/atwork/limo_3.0/install/p9n_example:/home/atwork/limo_3.0/install/joy:/home/atwork/limo_3.0/install/p9n_interface:/home/atwork/limo_3.0/install/limo_base:/home/atwork/limo_3.0/install/limo_msgs:/home/atwork/limo_3.0/install/limo_description:/home/atwork/limo_3.0/install/joy_linux:/opt/ros/jazzy/opt/gz_math_vendor:/opt/ros/jazzy/opt/gz_utils_vendor:/opt/ros/jazzy/opt/gz_cmake_vendor:/home/atwork/limo_3.0/install/limo_bringup:/home/atwork/limo_3.0/install/p9n_bringup:/home/atwork/limo_3.0/install/limo_cartographer:/opt/ros/jazzy DEBUGINFOD_URLS=https://debuginfod.ubuntu.com /usr/bin/cmake --install /home/atwork/limo_3.0/build/joy
[0.880s] INFO:colcon.colcon_core.shell:Creating environment descriptor '/home/atwork/limo_3.0/install/joy/share/joy/hook/cmake_prefix_path.dsv'
[0.884s] INFO:colcon.colcon_core.shell:Creating environment hook '/home/atwork/limo_3.0/install/joy/share/joy/hook/cmake_prefix_path.sh'
[0.890s] Level 1:colcon.colcon_core.environment:checking '/home/atwork/limo_3.0/install/joy/lib'
[0.890s] Level 1:colcon.colcon_core.shell:create_environment_hook('joy', 'ld_library_path_lib')
[0.890s] INFO:colcon.colcon_core.shell:Creating environment hook '/home/atwork/limo_3.0/install/joy/share/joy/hook/ld_library_path_lib.ps1'
[0.891s] INFO:colcon.colcon_core.shell:Creating environment descriptor '/home/atwork/limo_3.0/install/joy/share/joy/hook/ld_library_path_lib.dsv'
[0.891s] INFO:colcon.colcon_core.shell:Creating environment hook '/home/atwork/limo_3.0/install/joy/share/joy/hook/ld_library_path_lib.sh'
[0.894s] Level 1:colcon.colcon_core.environment:checking '/home/atwork/limo_3.0/install/joy/bin'
[0.894s] Level 1:colcon.colcon_core.environment:checking '/home/atwork/limo_3.0/install/joy/lib/pkgconfig/joy.pc'
[0.895s] Level 1:colcon.colcon_core.environment:checking '/home/atwork/limo_3.0/install/joy/lib/python3.12/site-packages'
[0.896s] Level 1:colcon.colcon_core.environment:checking '/home/atwork/limo_3.0/install/joy/bin'
[0.897s] INFO:colcon.colcon_core.shell:Creating package script '/home/atwork/limo_3.0/install/joy/share/joy/package.ps1'
[0.899s] INFO:colcon.colcon_core.shell:Creating package descriptor '/home/atwork/limo_3.0/install/joy/share/joy/package.dsv'
[0.900s] INFO:colcon.colcon_core.shell:Creating package script '/home/atwork/limo_3.0/install/joy/share/joy/package.sh'
[0.904s] INFO:colcon.colcon_core.shell:Creating package script '/home/atwork/limo_3.0/install/joy/share/joy/package.bash'
[0.906s] INFO:colcon.colcon_core.shell:Creating package script '/home/atwork/limo_3.0/install/joy/share/joy/package.zsh'
[0.907s] Level 1:colcon.colcon_core.environment:create_file_with_runtime_dependencies(/home/atwork/limo_3.0/install/joy/share/colcon-core/packages/joy)
[0.911s] Level 1:colcon.colcon_core.environment:create_environment_scripts_only(joy)
[0.911s] Level 1:colcon.colcon_core.environment:checking '/home/atwork/limo_3.0/install/joy' for CMake module files
[0.912s] Level 1:colcon.colcon_core.environment:checking '/home/atwork/limo_3.0/install/joy' for CMake config files
[0.912s] Level 1:colcon.colcon_core.shell:create_environment_hook('joy', 'cmake_prefix_path')
[0.913s] INFO:colcon.colcon_core.shell:Creating environment hook '/home/atwork/limo_3.0/install/joy/share/joy/hook/cmake_prefix_path.ps1'
[0.914s] INFO:colcon.colcon_core.shell:Creating environment descriptor '/home/atwork/limo_3.0/install/joy/share/joy/hook/cmake_prefix_path.dsv'
[0.915s] INFO:colcon.colcon_core.shell:Creating environment hook '/home/atwork/limo_3.0/install/joy/share/joy/hook/cmake_prefix_path.sh'
[0.917s] Level 1:colcon.colcon_core.environment:checking '/home/atwork/limo_3.0/install/joy/lib'
[0.918s] Level 1:colcon.colcon_core.shell:create_environment_hook('joy', 'ld_library_path_lib')
[0.918s] INFO:colcon.colcon_core.shell:Creating environment hook '/home/atwork/limo_3.0/install/joy/share/joy/hook/ld_library_path_lib.ps1'
[0.919s] INFO:colcon.colcon_core.shell:Creating environment descriptor '/home/atwork/limo_3.0/install/joy/share/joy/hook/ld_library_path_lib.dsv'
[0.920s] INFO:colcon.colcon_core.shell:Creating environment hook '/home/atwork/limo_3.0/install/joy/share/joy/hook/ld_library_path_lib.sh'
[0.921s] Level 1:colcon.colcon_core.environment:checking '/home/atwork/limo_3.0/install/joy/bin'
[0.921s] Level 1:colcon.colcon_core.environment:checking '/home/atwork/limo_3.0/install/joy/lib/pkgconfig/joy.pc'
[0.921s] Level 1:colcon.colcon_core.environment:checking '/home/atwork/limo_3.0/install/joy/lib/python3.12/site-packages'
[0.922s] Level 1:colcon.colcon_core.environment:checking '/home/atwork/limo_3.0/install/joy/bin'
[0.922s] INFO:colcon.colcon_core.shell:Creating package script '/home/atwork/limo_3.0/install/joy/share/joy/package.ps1'
[0.924s] INFO:colcon.colcon_core.shell:Creating package descriptor '/home/atwork/limo_3.0/install/joy/share/joy/package.dsv'
[0.925s] INFO:colcon.colcon_core.shell:Creating package script '/home/atwork/limo_3.0/install/joy/share/joy/package.sh'
[0.929s] INFO:colcon.colcon_core.shell:Creating package script '/home/atwork/limo_3.0/install/joy/share/joy/package.bash'
[0.930s] INFO:colcon.colcon_core.shell:Creating package script '/home/atwork/limo_3.0/install/joy/share/joy/package.zsh'
[0.931s] Level 1:colcon.colcon_core.environment:create_file_with_runtime_dependencies(/home/atwork/limo_3.0/install/joy/share/colcon-core/packages/joy)
[0.933s] INFO:colcon.colcon_ros.task.ament_cmake.build:Building ROS package in '/home/atwork/limo_3.0/src/PlayStation-JoyInterface-ROS2/p9n_node' with build type 'ament_cmake'
[0.934s] INFO:colcon.colcon_cmake.task.cmake.build:Building CMake package in '/home/atwork/limo_3.0/src/PlayStation-JoyInterface-ROS2/p9n_node'
[0.934s] INFO:colcon.colcon_core.shell:Skip shell extension 'powershell' for command environment: Not usable outside of PowerShell
[0.934s] DEBUG:colcon.colcon_core.shell:Skip shell extension 'dsv' for command environment
[0.950s] Level 1:colcon.colcon_core.environment:create_environment_scripts_only(urg_node)
[0.951s] Level 1:colcon.colcon_core.environment:checking '/home/atwork/limo_3.0/install/urg_node' for CMake module files
[0.951s] Level 1:colcon.colcon_core.environment:checking '/home/atwork/limo_3.0/install/urg_node' for CMake config files
[0.952s] Level 1:colcon.colcon_core.shell:create_environment_hook('urg_node', 'cmake_prefix_path')
[0.952s] INFO:colcon.colcon_core.shell:Creating environment hook '/home/atwork/limo_3.0/install/urg_node/share/urg_node/hook/cmake_prefix_path.ps1'
[0.950s] DEBUG:colcon.colcon_core.event_handler.log_command:Invoked command in '/home/atwork/limo_3.0/build/urg_node' returned '0': CMAKE_PREFIX_PATH=${CMAKE_PREFIX_PATH}:/home/atwork/limo_3.0/install/limo_bringup:/home/atwork/limo_3.0/install/p9n_bringup:/home/atwork/limo_3.0/install/limo_cartographer:/opt/ros/jazzy DEBUGINFOD_URLS=https://debuginfod.ubuntu.com /usr/bin/cmake --install /home/atwork/limo_3.0/build/urg_node
[0.955s] INFO:colcon.colcon_core.shell:Creating environment descriptor '/home/atwork/limo_3.0/install/urg_node/share/urg_node/hook/cmake_prefix_path.dsv'
[0.955s] INFO:colcon.colcon_core.shell:Creating environment hook '/home/atwork/limo_3.0/install/urg_node/share/urg_node/hook/cmake_prefix_path.sh'
[0.957s] Level 1:colcon.colcon_core.environment:checking '/home/atwork/limo_3.0/install/urg_node/lib'
[0.957s] Level 1:colcon.colcon_core.shell:create_environment_hook('urg_node', 'ld_library_path_lib')
[0.958s] INFO:colcon.colcon_core.shell:Creating environment hook '/home/atwork/limo_3.0/install/urg_node/share/urg_node/hook/ld_library_path_lib.ps1'
[0.958s] INFO:colcon.colcon_core.shell:Creating environment descriptor '/home/atwork/limo_3.0/install/urg_node/share/urg_node/hook/ld_library_path_lib.dsv'
[0.960s] INFO:colcon.colcon_core.shell:Creating environment hook '/home/atwork/limo_3.0/install/urg_node/share/urg_node/hook/ld_library_path_lib.sh'
[0.961s] Level 1:colcon.colcon_core.environment:checking '/home/atwork/limo_3.0/install/urg_node/bin'
[0.962s] Level 1:colcon.colcon_core.environment:checking '/home/atwork/limo_3.0/install/urg_node/lib/pkgconfig/urg_node.pc'
[0.962s] Level 1:colcon.colcon_core.environment:checking '/home/atwork/limo_3.0/install/urg_node/lib/python3.12/site-packages'
[0.968s] Level 1:colcon.colcon_core.environment:checking '/home/atwork/limo_3.0/install/urg_node/bin'
[0.969s] INFO:colcon.colcon_core.shell:Creating package script '/home/atwork/limo_3.0/install/urg_node/share/urg_node/package.ps1'
[0.971s] INFO:colcon.colcon_core.shell:Creating package descriptor '/home/atwork/limo_3.0/install/urg_node/share/urg_node/package.dsv'
[0.973s] INFO:colcon.colcon_core.shell:Creating package script '/home/atwork/limo_3.0/install/urg_node/share/urg_node/package.sh'
[0.974s] INFO:colcon.colcon_core.shell:Creating package script '/home/atwork/limo_3.0/install/urg_node/share/urg_node/package.bash'
[0.974s] INFO:colcon.colcon_core.shell:Creating package script '/home/atwork/limo_3.0/install/urg_node/share/urg_node/package.zsh'
[0.975s] Level 1:colcon.colcon_core.environment:create_file_with_runtime_dependencies(/home/atwork/limo_3.0/install/urg_node/share/colcon-core/packages/urg_node)
[0.975s] Level 1:colcon.colcon_core.environment:create_environment_scripts_only(urg_node)
[0.976s] Level 1:colcon.colcon_core.environment:checking '/home/atwork/limo_3.0/install/urg_node' for CMake module files
[0.978s] Level 1:colcon.colcon_core.environment:checking '/home/atwork/limo_3.0/install/urg_node' for CMake config files
[0.978s] Level 1:colcon.colcon_core.shell:create_environment_hook('urg_node', 'cmake_prefix_path')
[0.978s] INFO:colcon.colcon_core.shell:Creating environment hook '/home/atwork/limo_3.0/install/urg_node/share/urg_node/hook/cmake_prefix_path.ps1'
[0.979s] INFO:colcon.colcon_core.shell:Creating environment descriptor '/home/atwork/limo_3.0/install/urg_node/share/urg_node/hook/cmake_prefix_path.dsv'
[0.980s] INFO:colcon.colcon_core.shell:Creating environment hook '/home/atwork/limo_3.0/install/urg_node/share/urg_node/hook/cmake_prefix_path.sh'
[0.984s] Level 1:colcon.colcon_core.environment:checking '/home/atwork/limo_3.0/install/urg_node/lib'
[0.984s] Level 1:colcon.colcon_core.shell:create_environment_hook('urg_node', 'ld_library_path_lib')
[0.985s] INFO:colcon.colcon_core.shell:Creating environment hook '/home/atwork/limo_3.0/install/urg_node/share/urg_node/hook/ld_library_path_lib.ps1'
[0.986s] INFO:colcon.colcon_core.shell:Creating environment descriptor '/home/atwork/limo_3.0/install/urg_node/share/urg_node/hook/ld_library_path_lib.dsv'
[0.987s] INFO:colcon.colcon_core.shell:Creating environment hook '/home/atwork/limo_3.0/install/urg_node/share/urg_node/hook/ld_library_path_lib.sh'
[0.988s] Level 1:colcon.colcon_core.environment:checking '/home/atwork/limo_3.0/install/urg_node/bin'
[0.988s] Level 1:colcon.colcon_core.environment:checking '/home/atwork/limo_3.0/install/urg_node/lib/pkgconfig/urg_node.pc'
[0.989s] Level 1:colcon.colcon_core.environment:checking '/home/atwork/limo_3.0/install/urg_node/lib/python3.12/site-packages'
[0.990s] Level 1:colcon.colcon_core.environment:checking '/home/atwork/limo_3.0/install/urg_node/bin'
[0.990s] INFO:colcon.colcon_core.shell:Creating package script '/home/atwork/limo_3.0/install/urg_node/share/urg_node/package.ps1'
[0.993s] INFO:colcon.colcon_core.shell:Creating package descriptor '/home/atwork/limo_3.0/install/urg_node/share/urg_node/package.dsv'
[0.995s] INFO:colcon.colcon_core.shell:Creating package script '/home/atwork/limo_3.0/install/urg_node/share/urg_node/package.sh'
[0.998s] INFO:colcon.colcon_core.shell:Creating package script '/home/atwork/limo_3.0/install/urg_node/share/urg_node/package.bash'
[1.000s] INFO:colcon.colcon_core.shell:Creating package script '/home/atwork/limo_3.0/install/urg_node/share/urg_node/package.zsh'
[1.001s] Level 1:colcon.colcon_core.environment:create_file_with_runtime_dependencies(/home/atwork/limo_3.0/install/urg_node/share/colcon-core/packages/urg_node)
[1.002s] INFO:colcon.colcon_ros.task.ament_cmake.build:Building ROS package in '/home/atwork/limo_3.0/src/PlayStation-JoyInterface-ROS2/p9n_example' with build type 'ament_cmake'
[1.003s] INFO:colcon.colcon_cmake.task.cmake.build:Building CMake package in '/home/atwork/limo_3.0/src/PlayStation-JoyInterface-ROS2/p9n_example'
[1.004s] INFO:colcon.colcon_core.shell:Skip shell extension 'powershell' for command environment: Not usable outside of PowerShell
[1.004s] DEBUG:colcon.colcon_core.shell:Skip shell extension 'dsv' for command environment
[1.029s] DEBUG:colcon.colcon_core.event_handler.log_command:Invoking command in '/home/atwork/limo_3.0/build/p9n_node': CMAKE_PREFIX_PATH=/home/atwork/limo_3.0/install/joy:/home/atwork/limo_3.0/install/sdl2_vendor:/home/atwork/limo_3.0/install/p9n_interface:/home/atwork/limo_3.0/install/wiimote:/home/atwork/limo_3.0/install/wiimote_msgs:/home/atwork/limo_3.0/install/urg_node:/home/atwork/limo_3.0/install/spacenav:/home/atwork/limo_3.0/install/p9n:/home/atwork/limo_3.0/install/p9n_test:/home/atwork/limo_3.0/install/p9n_node:/home/atwork/limo_3.0/install/p9n_example:/home/atwork/limo_3.0/install/limo_base:/home/atwork/limo_3.0/install/limo_msgs:/home/atwork/limo_3.0/install/limo_description:/home/atwork/limo_3.0/install/joy_linux:/opt/ros/jazzy/opt/gz_math_vendor:/opt/ros/jazzy/opt/gz_utils_vendor:/opt/ros/jazzy/opt/gz_cmake_vendor:/home/atwork/limo_3.0/install/limo_bringup:/home/atwork/limo_3.0/install/p9n_bringup:/home/atwork/limo_3.0/install/limo_cartographer:/opt/ros/jazzy DEBUGINFOD_URLS=https://debuginfod.ubuntu.com LD_LIBRARY_PATH=/home/atwork/limo_3.0/install/joy/lib:/home/atwork/limo_3.0/install/wiimote/lib:/home/atwork/limo_3.0/install/wiimote_msgs/lib:/home/atwork/limo_3.0/install/urg_node/lib:/home/atwork/limo_3.0/install/spacenav/lib:/home/atwork/limo_3.0/install/p9n_test/lib:/home/atwork/limo_3.0/install/p9n_node/lib:/home/atwork/limo_3.0/install/p9n_example/lib:/home/atwork/limo_3.0/install/p9n_interface/lib:/home/atwork/limo_3.0/install/limo_msgs/lib:/opt/ros/jazzy/opt/rviz_ogre_vendor/lib:/opt/ros/jazzy/lib/x86_64-linux-gnu:/opt/ros/jazzy/opt/gz_math_vendor/lib:/opt/ros/jazzy/opt/gz_utils_vendor/lib:/opt/ros/jazzy/opt/gz_cmake_vendor/lib:/opt/ros/jazzy/lib /usr/bin/cmake --build /home/atwork/limo_3.0/build/p9n_node -- -j4 -l4
[1.047s] DEBUG:colcon.colcon_core.event_handler.log_command:Invoking command in '/home/atwork/limo_3.0/build/p9n_example': CMAKE_PREFIX_PATH=/home/atwork/limo_3.0/install/joy:/home/atwork/limo_3.0/install/sdl2_vendor:/home/atwork/limo_3.0/install/p9n_interface:/home/atwork/limo_3.0/install/wiimote:/home/atwork/limo_3.0/install/wiimote_msgs:/home/atwork/limo_3.0/install/urg_node:/home/atwork/limo_3.0/install/spacenav:/home/atwork/limo_3.0/install/p9n:/home/atwork/limo_3.0/install/p9n_test:/home/atwork/limo_3.0/install/p9n_node:/home/atwork/limo_3.0/install/p9n_example:/home/atwork/limo_3.0/install/limo_base:/home/atwork/limo_3.0/install/limo_msgs:/home/atwork/limo_3.0/install/limo_description:/home/atwork/limo_3.0/install/joy_linux:/opt/ros/jazzy/opt/gz_math_vendor:/opt/ros/jazzy/opt/gz_utils_vendor:/opt/ros/jazzy/opt/gz_cmake_vendor:/home/atwork/limo_3.0/install/limo_bringup:/home/atwork/limo_3.0/install/p9n_bringup:/home/atwork/limo_3.0/install/limo_cartographer:/opt/ros/jazzy DEBUGINFOD_URLS=https://debuginfod.ubuntu.com LD_LIBRARY_PATH=/home/atwork/limo_3.0/install/joy/lib:/home/atwork/limo_3.0/install/wiimote/lib:/home/atwork/limo_3.0/install/wiimote_msgs/lib:/home/atwork/limo_3.0/install/urg_node/lib:/home/atwork/limo_3.0/install/spacenav/lib:/home/atwork/limo_3.0/install/p9n_test/lib:/home/atwork/limo_3.0/install/p9n_node/lib:/home/atwork/limo_3.0/install/p9n_example/lib:/home/atwork/limo_3.0/install/p9n_interface/lib:/home/atwork/limo_3.0/install/limo_msgs/lib:/opt/ros/jazzy/opt/rviz_ogre_vendor/lib:/opt/ros/jazzy/lib/x86_64-linux-gnu:/opt/ros/jazzy/opt/gz_math_vendor/lib:/opt/ros/jazzy/opt/gz_utils_vendor/lib:/opt/ros/jazzy/opt/gz_cmake_vendor/lib:/opt/ros/jazzy/lib /usr/bin/cmake --build /home/atwork/limo_3.0/build/p9n_example -- -j4 -l4
[1.205s] DEBUG:colcon.colcon_core.event_handler.log_command:Invoked command in '/home/atwork/limo_3.0/build/limo_msgs' returned '0': CMAKE_PREFIX_PATH=${CMAKE_PREFIX_PATH}:/home/atwork/limo_3.0/install/limo_bringup:/home/atwork/limo_3.0/install/p9n_bringup:/home/atwork/limo_3.0/install/limo_cartographer:/opt/ros/jazzy DEBUGINFOD_URLS=https://debuginfod.ubuntu.com /usr/bin/cmake --build /home/atwork/limo_3.0/build/limo_msgs -- -j4 -l4
[1.205s] DEBUG:colcon.colcon_core.event_handler.log_command:Invoking command in '/home/atwork/limo_3.0/build/limo_msgs': CMAKE_PREFIX_PATH=${CMAKE_PREFIX_PATH}:/home/atwork/limo_3.0/install/limo_bringup:/home/atwork/limo_3.0/install/p9n_bringup:/home/atwork/limo_3.0/install/limo_cartographer:/opt/ros/jazzy DEBUGINFOD_URLS=https://debuginfod.ubuntu.com /usr/bin/cmake --install /home/atwork/limo_3.0/build/limo_msgs
[1.224s] DEBUG:colcon.colcon_core.event_handler.log_command:Invoked command in '/home/atwork/limo_3.0/build/p9n_node' returned '0': CMAKE_PREFIX_PATH=/home/atwork/limo_3.0/install/joy:/home/atwork/limo_3.0/install/sdl2_vendor:/home/atwork/limo_3.0/install/p9n_interface:/home/atwork/limo_3.0/install/wiimote:/home/atwork/limo_3.0/install/wiimote_msgs:/home/atwork/limo_3.0/install/urg_node:/home/atwork/limo_3.0/install/spacenav:/home/atwork/limo_3.0/install/p9n:/home/atwork/limo_3.0/install/p9n_test:/home/atwork/limo_3.0/install/p9n_node:/home/atwork/limo_3.0/install/p9n_example:/home/atwork/limo_3.0/install/limo_base:/home/atwork/limo_3.0/install/limo_msgs:/home/atwork/limo_3.0/install/limo_description:/home/atwork/limo_3.0/install/joy_linux:/opt/ros/jazzy/opt/gz_math_vendor:/opt/ros/jazzy/opt/gz_utils_vendor:/opt/ros/jazzy/opt/gz_cmake_vendor:/home/atwork/limo_3.0/install/limo_bringup:/home/atwork/limo_3.0/install/p9n_bringup:/home/atwork/limo_3.0/install/limo_cartographer:/opt/ros/jazzy DEBUGINFOD_URLS=https://debuginfod.ubuntu.com LD_LIBRARY_PATH=/home/atwork/limo_3.0/install/joy/lib:/home/atwork/limo_3.0/install/wiimote/lib:/home/atwork/limo_3.0/install/wiimote_msgs/lib:/home/atwork/limo_3.0/install/urg_node/lib:/home/atwork/limo_3.0/install/spacenav/lib:/home/atwork/limo_3.0/install/p9n_test/lib:/home/atwork/limo_3.0/install/p9n_node/lib:/home/atwork/limo_3.0/install/p9n_example/lib:/home/atwork/limo_3.0/install/p9n_interface/lib:/home/atwork/limo_3.0/install/limo_msgs/lib:/opt/ros/jazzy/opt/rviz_ogre_vendor/lib:/opt/ros/jazzy/lib/x86_64-linux-gnu:/opt/ros/jazzy/opt/gz_math_vendor/lib:/opt/ros/jazzy/opt/gz_utils_vendor/lib:/opt/ros/jazzy/opt/gz_cmake_vendor/lib:/opt/ros/jazzy/lib /usr/bin/cmake --build /home/atwork/limo_3.0/build/p9n_node -- -j4 -l4
[1.228s] DEBUG:colcon.colcon_core.event_handler.log_command:Invoking command in '/home/atwork/limo_3.0/build/p9n_node': CMAKE_PREFIX_PATH=/home/atwork/limo_3.0/install/joy:/home/atwork/limo_3.0/install/sdl2_vendor:/home/atwork/limo_3.0/install/p9n_interface:/home/atwork/limo_3.0/install/wiimote:/home/atwork/limo_3.0/install/wiimote_msgs:/home/atwork/limo_3.0/install/urg_node:/home/atwork/limo_3.0/install/spacenav:/home/atwork/limo_3.0/install/p9n:/home/atwork/limo_3.0/install/p9n_test:/home/atwork/limo_3.0/install/p9n_node:/home/atwork/limo_3.0/install/p9n_example:/home/atwork/limo_3.0/install/limo_base:/home/atwork/limo_3.0/install/limo_msgs:/home/atwork/limo_3.0/install/limo_description:/home/atwork/limo_3.0/install/joy_linux:/opt/ros/jazzy/opt/gz_math_vendor:/opt/ros/jazzy/opt/gz_utils_vendor:/opt/ros/jazzy/opt/gz_cmake_vendor:/home/atwork/limo_3.0/install/limo_bringup:/home/atwork/limo_3.0/install/p9n_bringup:/home/atwork/limo_3.0/install/limo_cartographer:/opt/ros/jazzy DEBUGINFOD_URLS=https://debuginfod.ubuntu.com LD_LIBRARY_PATH=/home/atwork/limo_3.0/install/joy/lib:/home/atwork/limo_3.0/install/wiimote/lib:/home/atwork/limo_3.0/install/wiimote_msgs/lib:/home/atwork/limo_3.0/install/urg_node/lib:/home/atwork/limo_3.0/install/spacenav/lib:/home/atwork/limo_3.0/install/p9n_test/lib:/home/atwork/limo_3.0/install/p9n_node/lib:/home/atwork/limo_3.0/install/p9n_example/lib:/home/atwork/limo_3.0/install/p9n_interface/lib:/home/atwork/limo_3.0/install/limo_msgs/lib:/opt/ros/jazzy/opt/rviz_ogre_vendor/lib:/opt/ros/jazzy/lib/x86_64-linux-gnu:/opt/ros/jazzy/opt/gz_math_vendor/lib:/opt/ros/jazzy/opt/gz_utils_vendor/lib:/opt/ros/jazzy/opt/gz_cmake_vendor/lib:/opt/ros/jazzy/lib /usr/bin/cmake --install /home/atwork/limo_3.0/build/p9n_node
[1.235s] DEBUG:colcon.colcon_core.event_handler.log_command:Invoked command in '/home/atwork/limo_3.0/build/p9n_example' returned '0': CMAKE_PREFIX_PATH=/home/atwork/limo_3.0/install/joy:/home/atwork/limo_3.0/install/sdl2_vendor:/home/atwork/limo_3.0/install/p9n_interface:/home/atwork/limo_3.0/install/wiimote:/home/atwork/limo_3.0/install/wiimote_msgs:/home/atwork/limo_3.0/install/urg_node:/home/atwork/limo_3.0/install/spacenav:/home/atwork/limo_3.0/install/p9n:/home/atwork/limo_3.0/install/p9n_test:/home/atwork/limo_3.0/install/p9n_node:/home/atwork/limo_3.0/install/p9n_example:/home/atwork/limo_3.0/install/limo_base:/home/atwork/limo_3.0/install/limo_msgs:/home/atwork/limo_3.0/install/limo_description:/home/atwork/limo_3.0/install/joy_linux:/opt/ros/jazzy/opt/gz_math_vendor:/opt/ros/jazzy/opt/gz_utils_vendor:/opt/ros/jazzy/opt/gz_cmake_vendor:/home/atwork/limo_3.0/install/limo_bringup:/home/atwork/limo_3.0/install/p9n_bringup:/home/atwork/limo_3.0/install/limo_cartographer:/opt/ros/jazzy DEBUGINFOD_URLS=https://debuginfod.ubuntu.com LD_LIBRARY_PATH=/home/atwork/limo_3.0/install/joy/lib:/home/atwork/limo_3.0/install/wiimote/lib:/home/atwork/limo_3.0/install/wiimote_msgs/lib:/home/atwork/limo_3.0/install/urg_node/lib:/home/atwork/limo_3.0/install/spacenav/lib:/home/atwork/limo_3.0/install/p9n_test/lib:/home/atwork/limo_3.0/install/p9n_node/lib:/home/atwork/limo_3.0/install/p9n_example/lib:/home/atwork/limo_3.0/install/p9n_interface/lib:/home/atwork/limo_3.0/install/limo_msgs/lib:/opt/ros/jazzy/opt/rviz_ogre_vendor/lib:/opt/ros/jazzy/lib/x86_64-linux-gnu:/opt/ros/jazzy/opt/gz_math_vendor/lib:/opt/ros/jazzy/opt/gz_utils_vendor/lib:/opt/ros/jazzy/opt/gz_cmake_vendor/lib:/opt/ros/jazzy/lib /usr/bin/cmake --build /home/atwork/limo_3.0/build/p9n_example -- -j4 -l4
[1.239s] DEBUG:colcon.colcon_core.event_handler.log_command:Invoking command in '/home/atwork/limo_3.0/build/p9n_example': CMAKE_PREFIX_PATH=/home/atwork/limo_3.0/install/joy:/home/atwork/limo_3.0/install/sdl2_vendor:/home/atwork/limo_3.0/install/p9n_interface:/home/atwork/limo_3.0/install/wiimote:/home/atwork/limo_3.0/install/wiimote_msgs:/home/atwork/limo_3.0/install/urg_node:/home/atwork/limo_3.0/install/spacenav:/home/atwork/limo_3.0/install/p9n:/home/atwork/limo_3.0/install/p9n_test:/home/atwork/limo_3.0/install/p9n_node:/home/atwork/limo_3.0/install/p9n_example:/home/atwork/limo_3.0/install/limo_base:/home/atwork/limo_3.0/install/limo_msgs:/home/atwork/limo_3.0/install/limo_description:/home/atwork/limo_3.0/install/joy_linux:/opt/ros/jazzy/opt/gz_math_vendor:/opt/ros/jazzy/opt/gz_utils_vendor:/opt/ros/jazzy/opt/gz_cmake_vendor:/home/atwork/limo_3.0/install/limo_bringup:/home/atwork/limo_3.0/install/p9n_bringup:/home/atwork/limo_3.0/install/limo_cartographer:/opt/ros/jazzy DEBUGINFOD_URLS=https://debuginfod.ubuntu.com LD_LIBRARY_PATH=/home/atwork/limo_3.0/install/joy/lib:/home/atwork/limo_3.0/install/wiimote/lib:/home/atwork/limo_3.0/install/wiimote_msgs/lib:/home/atwork/limo_3.0/install/urg_node/lib:/home/atwork/limo_3.0/install/spacenav/lib:/home/atwork/limo_3.0/install/p9n_test/lib:/home/atwork/limo_3.0/install/p9n_node/lib:/home/atwork/limo_3.0/install/p9n_example/lib:/home/atwork/limo_3.0/install/p9n_interface/lib:/home/atwork/limo_3.0/install/limo_msgs/lib:/opt/ros/jazzy/opt/rviz_ogre_vendor/lib:/opt/ros/jazzy/lib/x86_64-linux-gnu:/opt/ros/jazzy/opt/gz_math_vendor/lib:/opt/ros/jazzy/opt/gz_utils_vendor/lib:/opt/ros/jazzy/opt/gz_cmake_vendor/lib:/opt/ros/jazzy/lib /usr/bin/cmake --install /home/atwork/limo_3.0/build/p9n_example
[1.266s] Level 1:colcon.colcon_core.environment:create_environment_scripts_only(p9n_node)
[1.266s] Level 1:colcon.colcon_core.environment:checking '/home/atwork/limo_3.0/install/p9n_node' for CMake module files
[1.267s] Level 1:colcon.colcon_core.environment:checking '/home/atwork/limo_3.0/install/p9n_node' for CMake config files
[1.268s] Level 1:colcon.colcon_core.shell:create_environment_hook('p9n_node', 'cmake_prefix_path')
[1.268s] INFO:colcon.colcon_core.shell:Creating environment hook '/home/atwork/limo_3.0/install/p9n_node/share/p9n_node/hook/cmake_prefix_path.ps1'
[1.271s] INFO:colcon.colcon_core.shell:Creating environment descriptor '/home/atwork/limo_3.0/install/p9n_node/share/p9n_node/hook/cmake_prefix_path.dsv'
[1.272s] INFO:colcon.colcon_core.shell:Creating environment hook '/home/atwork/limo_3.0/install/p9n_node/share/p9n_node/hook/cmake_prefix_path.sh'
[1.276s] Level 1:colcon.colcon_core.environment:checking '/home/atwork/limo_3.0/install/p9n_node/lib'
[1.277s] Level 1:colcon.colcon_core.shell:create_environment_hook('p9n_node', 'ld_library_path_lib')
[1.277s] INFO:colcon.colcon_core.shell:Creating environment hook '/home/atwork/limo_3.0/install/p9n_node/share/p9n_node/hook/ld_library_path_lib.ps1'
[1.277s] INFO:colcon.colcon_core.shell:Creating environment descriptor '/home/atwork/limo_3.0/install/p9n_node/share/p9n_node/hook/ld_library_path_lib.dsv'
[1.279s] INFO:colcon.colcon_core.shell:Creating environment hook '/home/atwork/limo_3.0/install/p9n_node/share/p9n_node/hook/ld_library_path_lib.sh'
[1.280s] Level 1:colcon.colcon_core.environment:checking '/home/atwork/limo_3.0/install/p9n_node/bin'
[1.280s] Level 1:colcon.colcon_core.environment:checking '/home/atwork/limo_3.0/install/p9n_node/lib/pkgconfig/p9n_node.pc'
[1.281s] Level 1:colcon.colcon_core.environment:checking '/home/atwork/limo_3.0/install/p9n_node/lib/python3.12/site-packages'
[1.280s] DEBUG:colcon.colcon_core.event_handler.log_command:Invoked command in '/home/atwork/limo_3.0/build/p9n_node' returned '0': CMAKE_PREFIX_PATH=/home/atwork/limo_3.0/install/joy:/home/atwork/limo_3.0/install/sdl2_vendor:/home/atwork/limo_3.0/install/p9n_interface:/home/atwork/limo_3.0/install/wiimote:/home/atwork/limo_3.0/install/wiimote_msgs:/home/atwork/limo_3.0/install/urg_node:/home/atwork/limo_3.0/install/spacenav:/home/atwork/limo_3.0/install/p9n:/home/atwork/limo_3.0/install/p9n_test:/home/atwork/limo_3.0/install/p9n_node:/home/atwork/limo_3.0/install/p9n_example:/home/atwork/limo_3.0/install/limo_base:/home/atwork/limo_3.0/install/limo_msgs:/home/atwork/limo_3.0/install/limo_description:/home/atwork/limo_3.0/install/joy_linux:/opt/ros/jazzy/opt/gz_math_vendor:/opt/ros/jazzy/opt/gz_utils_vendor:/opt/ros/jazzy/opt/gz_cmake_vendor:/home/atwork/limo_3.0/install/limo_bringup:/home/atwork/limo_3.0/install/p9n_bringup:/home/atwork/limo_3.0/install/limo_cartographer:/opt/ros/jazzy DEBUGINFOD_URLS=https://debuginfod.ubuntu.com LD_LIBRARY_PATH=/home/atwork/limo_3.0/install/joy/lib:/home/atwork/limo_3.0/install/wiimote/lib:/home/atwork/limo_3.0/install/wiimote_msgs/lib:/home/atwork/limo_3.0/install/urg_node/lib:/home/atwork/limo_3.0/install/spacenav/lib:/home/atwork/limo_3.0/install/p9n_test/lib:/home/atwork/limo_3.0/install/p9n_node/lib:/home/atwork/limo_3.0/install/p9n_example/lib:/home/atwork/limo_3.0/install/p9n_interface/lib:/home/atwork/limo_3.0/install/limo_msgs/lib:/opt/ros/jazzy/opt/rviz_ogre_vendor/lib:/opt/ros/jazzy/lib/x86_64-linux-gnu:/opt/ros/jazzy/opt/gz_math_vendor/lib:/opt/ros/jazzy/opt/gz_utils_vendor/lib:/opt/ros/jazzy/opt/gz_cmake_vendor/lib:/opt/ros/jazzy/lib /usr/bin/cmake --install /home/atwork/limo_3.0/build/p9n_node
[1.281s] Level 1:colcon.colcon_core.environment:checking '/home/atwork/limo_3.0/install/p9n_node/bin'
[1.282s] INFO:colcon.colcon_core.shell:Creating package script '/home/atwork/limo_3.0/install/p9n_node/share/p9n_node/package.ps1'
[1.289s] INFO:colcon.colcon_core.shell:Creating package descriptor '/home/atwork/limo_3.0/install/p9n_node/share/p9n_node/package.dsv'
[1.290s] INFO:colcon.colcon_core.shell:Creating package script '/home/atwork/limo_3.0/install/p9n_node/share/p9n_node/package.sh'
[1.293s] INFO:colcon.colcon_core.shell:Creating package script '/home/atwork/limo_3.0/install/p9n_node/share/p9n_node/package.bash'
[1.293s] INFO:colcon.colcon_core.shell:Creating package script '/home/atwork/limo_3.0/install/p9n_node/share/p9n_node/package.zsh'
[1.294s] Level 1:colcon.colcon_core.environment:create_file_with_runtime_dependencies(/home/atwork/limo_3.0/install/p9n_node/share/colcon-core/packages/p9n_node)
[1.294s] Level 1:colcon.colcon_core.environment:create_environment_scripts_only(p9n_node)
[1.295s] Level 1:colcon.colcon_core.environment:checking '/home/atwork/limo_3.0/install/p9n_node' for CMake module files
[1.295s] Level 1:colcon.colcon_core.environment:checking '/home/atwork/limo_3.0/install/p9n_node' for CMake config files
[1.296s] Level 1:colcon.colcon_core.shell:create_environment_hook('p9n_node', 'cmake_prefix_path')
[1.296s] INFO:colcon.colcon_core.shell:Creating environment hook '/home/atwork/limo_3.0/install/p9n_node/share/p9n_node/hook/cmake_prefix_path.ps1'
[1.296s] INFO:colcon.colcon_core.shell:Creating environment descriptor '/home/atwork/limo_3.0/install/p9n_node/share/p9n_node/hook/cmake_prefix_path.dsv'
[1.297s] INFO:colcon.colcon_core.shell:Creating environment hook '/home/atwork/limo_3.0/install/p9n_node/share/p9n_node/hook/cmake_prefix_path.sh'
[1.298s] Level 1:colcon.colcon_core.environment:checking '/home/atwork/limo_3.0/install/p9n_node/lib'
[1.298s] Level 1:colcon.colcon_core.shell:create_environment_hook('p9n_node', 'ld_library_path_lib')
[1.298s] INFO:colcon.colcon_core.shell:Creating environment hook '/home/atwork/limo_3.0/install/p9n_node/share/p9n_node/hook/ld_library_path_lib.ps1'
[1.299s] INFO:colcon.colcon_core.shell:Creating environment descriptor '/home/atwork/limo_3.0/install/p9n_node/share/p9n_node/hook/ld_library_path_lib.dsv'
[1.299s] INFO:colcon.colcon_core.shell:Creating environment hook '/home/atwork/limo_3.0/install/p9n_node/share/p9n_node/hook/ld_library_path_lib.sh'
[1.300s] Level 1:colcon.colcon_core.environment:checking '/home/atwork/limo_3.0/install/p9n_node/bin'
[1.300s] Level 1:colcon.colcon_core.environment:checking '/home/atwork/limo_3.0/install/p9n_node/lib/pkgconfig/p9n_node.pc'
[1.300s] Level 1:colcon.colcon_core.environment:checking '/home/atwork/limo_3.0/install/p9n_node/lib/python3.12/site-packages'
[1.301s] Level 1:colcon.colcon_core.environment:checking '/home/atwork/limo_3.0/install/p9n_node/bin'
[1.301s] INFO:colcon.colcon_core.shell:Creating package script '/home/atwork/limo_3.0/install/p9n_node/share/p9n_node/package.ps1'
[1.302s] INFO:colcon.colcon_core.shell:Creating package descriptor '/home/atwork/limo_3.0/install/p9n_node/share/p9n_node/package.dsv'
[1.303s] INFO:colcon.colcon_core.shell:Creating package script '/home/atwork/limo_3.0/install/p9n_node/share/p9n_node/package.sh'
[1.304s] INFO:colcon.colcon_core.shell:Creating package script '/home/atwork/limo_3.0/install/p9n_node/share/p9n_node/package.bash'
[1.304s] INFO:colcon.colcon_core.shell:Creating package script '/home/atwork/limo_3.0/install/p9n_node/share/p9n_node/package.zsh'
[1.305s] Level 1:colcon.colcon_core.environment:create_file_with_runtime_dependencies(/home/atwork/limo_3.0/install/p9n_node/share/colcon-core/packages/p9n_node)
[1.305s] INFO:colcon.colcon_ros.task.ament_cmake.build:Building ROS package in '/home/atwork/limo_3.0/src/PlayStation-JoyInterface-ROS2/p9n_test' with build type 'ament_cmake'
[1.306s] INFO:colcon.colcon_cmake.task.cmake.build:Building CMake package in '/home/atwork/limo_3.0/src/PlayStation-JoyInterface-ROS2/p9n_test'
[1.306s] INFO:colcon.colcon_core.shell:Skip shell extension 'powershell' for command environment: Not usable outside of PowerShell
[1.306s] DEBUG:colcon.colcon_core.shell:Skip shell extension 'dsv' for command environment
[1.318s] Level 1:colcon.colcon_core.environment:create_environment_scripts_only(p9n_example)
[1.319s] Level 1:colcon.colcon_core.environment:checking '/home/atwork/limo_3.0/install/p9n_example' for CMake module files
[1.320s] Level 1:colcon.colcon_core.environment:checking '/home/atwork/limo_3.0/install/p9n_example' for CMake config files
[1.320s] DEBUG:colcon.colcon_core.event_handler.log_command:Invoked command in '/home/atwork/limo_3.0/build/p9n_example' returned '0': CMAKE_PREFIX_PATH=/home/atwork/limo_3.0/install/joy:/home/atwork/limo_3.0/install/sdl2_vendor:/home/atwork/limo_3.0/install/p9n_interface:/home/atwork/limo_3.0/install/wiimote:/home/atwork/limo_3.0/install/wiimote_msgs:/home/atwork/limo_3.0/install/urg_node:/home/atwork/limo_3.0/install/spacenav:/home/atwork/limo_3.0/install/p9n:/home/atwork/limo_3.0/install/p9n_test:/home/atwork/limo_3.0/install/p9n_node:/home/atwork/limo_3.0/install/p9n_example:/home/atwork/limo_3.0/install/limo_base:/home/atwork/limo_3.0/install/limo_msgs:/home/atwork/limo_3.0/install/limo_description:/home/atwork/limo_3.0/install/joy_linux:/opt/ros/jazzy/opt/gz_math_vendor:/opt/ros/jazzy/opt/gz_utils_vendor:/opt/ros/jazzy/opt/gz_cmake_vendor:/home/atwork/limo_3.0/install/limo_bringup:/home/atwork/limo_3.0/install/p9n_bringup:/home/atwork/limo_3.0/install/limo_cartographer:/opt/ros/jazzy DEBUGINFOD_URLS=https://debuginfod.ubuntu.com LD_LIBRARY_PATH=/home/atwork/limo_3.0/install/joy/lib:/home/atwork/limo_3.0/install/wiimote/lib:/home/atwork/limo_3.0/install/wiimote_msgs/lib:/home/atwork/limo_3.0/install/urg_node/lib:/home/atwork/limo_3.0/install/spacenav/lib:/home/atwork/limo_3.0/install/p9n_test/lib:/home/atwork/limo_3.0/install/p9n_node/lib:/home/atwork/limo_3.0/install/p9n_example/lib:/home/atwork/limo_3.0/install/p9n_interface/lib:/home/atwork/limo_3.0/install/limo_msgs/lib:/opt/ros/jazzy/opt/rviz_ogre_vendor/lib:/opt/ros/jazzy/lib/x86_64-linux-gnu:/opt/ros/jazzy/opt/gz_math_vendor/lib:/opt/ros/jazzy/opt/gz_utils_vendor/lib:/opt/ros/jazzy/opt/gz_cmake_vendor/lib:/opt/ros/jazzy/lib /usr/bin/cmake --install /home/atwork/limo_3.0/build/p9n_example
[1.321s] Level 1:colcon.colcon_core.shell:create_environment_hook('p9n_example', 'cmake_prefix_path')
[1.322s] INFO:colcon.colcon_core.shell:Creating environment hook '/home/atwork/limo_3.0/install/p9n_example/share/p9n_example/hook/cmake_prefix_path.ps1'
[1.322s] INFO:colcon.colcon_core.shell:Creating environment descriptor '/home/atwork/limo_3.0/install/p9n_example/share/p9n_example/hook/cmake_prefix_path.dsv'
[1.323s] INFO:colcon.colcon_core.shell:Creating environment hook '/home/atwork/limo_3.0/install/p9n_example/share/p9n_example/hook/cmake_prefix_path.sh'
[1.325s] Level 1:colcon.colcon_core.environment:checking '/home/atwork/limo_3.0/install/p9n_example/lib'
[1.325s] Level 1:colcon.colcon_core.shell:create_environment_hook('p9n_example', 'ld_library_path_lib')
[1.325s] INFO:colcon.colcon_core.shell:Creating environment hook '/home/atwork/limo_3.0/install/p9n_example/share/p9n_example/hook/ld_library_path_lib.ps1'
[1.326s] INFO:colcon.colcon_core.shell:Creating environment descriptor '/home/atwork/limo_3.0/install/p9n_example/share/p9n_example/hook/ld_library_path_lib.dsv'
[1.326s] INFO:colcon.colcon_core.shell:Creating environment hook '/home/atwork/limo_3.0/install/p9n_example/share/p9n_example/hook/ld_library_path_lib.sh'
[1.328s] Level 1:colcon.colcon_core.environment:checking '/home/atwork/limo_3.0/install/p9n_example/bin'
[1.328s] Level 1:colcon.colcon_core.environment:checking '/home/atwork/limo_3.0/install/p9n_example/lib/pkgconfig/p9n_example.pc'
[1.328s] Level 1:colcon.colcon_core.environment:checking '/home/atwork/limo_3.0/install/p9n_example/lib/python3.12/site-packages'
[1.329s] Level 1:colcon.colcon_core.environment:checking '/home/atwork/limo_3.0/install/p9n_example/bin'
[1.329s] INFO:colcon.colcon_core.shell:Creating package script '/home/atwork/limo_3.0/install/p9n_example/share/p9n_example/package.ps1'
[1.330s] INFO:colcon.colcon_core.shell:Creating package descriptor '/home/atwork/limo_3.0/install/p9n_example/share/p9n_example/package.dsv'
[1.330s] INFO:colcon.colcon_core.shell:Creating package script '/home/atwork/limo_3.0/install/p9n_example/share/p9n_example/package.sh'
[1.332s] INFO:colcon.colcon_core.shell:Creating package script '/home/atwork/limo_3.0/install/p9n_example/share/p9n_example/package.bash'
[1.333s] INFO:colcon.colcon_core.shell:Creating package script '/home/atwork/limo_3.0/install/p9n_example/share/p9n_example/package.zsh'
[1.333s] Level 1:colcon.colcon_core.environment:create_file_with_runtime_dependencies(/home/atwork/limo_3.0/install/p9n_example/share/colcon-core/packages/p9n_example)
[1.334s] Level 1:colcon.colcon_core.environment:create_environment_scripts_only(p9n_example)
[1.334s] Level 1:colcon.colcon_core.environment:checking '/home/atwork/limo_3.0/install/p9n_example' for CMake module files
[1.335s] Level 1:colcon.colcon_core.environment:checking '/home/atwork/limo_3.0/install/p9n_example' for CMake config files
[1.335s] Level 1:colcon.colcon_core.shell:create_environment_hook('p9n_example', 'cmake_prefix_path')
[1.336s] INFO:colcon.colcon_core.shell:Creating environment hook '/home/atwork/limo_3.0/install/p9n_example/share/p9n_example/hook/cmake_prefix_path.ps1'
[1.337s] INFO:colcon.colcon_core.shell:Creating environment descriptor '/home/atwork/limo_3.0/install/p9n_example/share/p9n_example/hook/cmake_prefix_path.dsv'
[1.337s] INFO:colcon.colcon_core.shell:Creating environment hook '/home/atwork/limo_3.0/install/p9n_example/share/p9n_example/hook/cmake_prefix_path.sh'
[1.338s] Level 1:colcon.colcon_core.environment:checking '/home/atwork/limo_3.0/install/p9n_example/lib'
[1.338s] Level 1:colcon.colcon_core.shell:create_environment_hook('p9n_example', 'ld_library_path_lib')
[1.338s] INFO:colcon.colcon_core.shell:Creating environment hook '/home/atwork/limo_3.0/install/p9n_example/share/p9n_example/hook/ld_library_path_lib.ps1'
[1.339s] INFO:colcon.colcon_core.shell:Creating environment descriptor '/home/atwork/limo_3.0/install/p9n_example/share/p9n_example/hook/ld_library_path_lib.dsv'
[1.339s] INFO:colcon.colcon_core.shell:Creating environment hook '/home/atwork/limo_3.0/install/p9n_example/share/p9n_example/hook/ld_library_path_lib.sh'
[1.340s] Level 1:colcon.colcon_core.environment:checking '/home/atwork/limo_3.0/install/p9n_example/bin'
[1.340s] Level 1:colcon.colcon_core.environment:checking '/home/atwork/limo_3.0/install/p9n_example/lib/pkgconfig/p9n_example.pc'
[1.340s] Level 1:colcon.colcon_core.environment:checking '/home/atwork/limo_3.0/install/p9n_example/lib/python3.12/site-packages'
[1.341s] Level 1:colcon.colcon_core.environment:checking '/home/atwork/limo_3.0/install/p9n_example/bin'
[1.344s] INFO:colcon.colcon_core.shell:Creating package script '/home/atwork/limo_3.0/install/p9n_example/share/p9n_example/package.ps1'
[1.345s] INFO:colcon.colcon_core.shell:Creating package descriptor '/home/atwork/limo_3.0/install/p9n_example/share/p9n_example/package.dsv'
[1.346s] INFO:colcon.colcon_core.shell:Creating package script '/home/atwork/limo_3.0/install/p9n_example/share/p9n_example/package.sh'
[1.348s] INFO:colcon.colcon_core.shell:Creating package script '/home/atwork/limo_3.0/install/p9n_example/share/p9n_example/package.bash'
[1.349s] INFO:colcon.colcon_core.shell:Creating package script '/home/atwork/limo_3.0/install/p9n_example/share/p9n_example/package.zsh'
[1.350s] Level 1:colcon.colcon_core.environment:create_file_with_runtime_dependencies(/home/atwork/limo_3.0/install/p9n_example/share/colcon-core/packages/p9n_example)
[1.352s] INFO:colcon.colcon_ros.task.ament_python.build:Building ROS package in '/home/atwork/limo_3.0/src/PlayStation-JoyInterface-ROS2/p9n_bringup' with build type 'ament_python'
[1.353s] Level 1:colcon.colcon_core.shell:create_environment_hook('p9n_bringup', 'ament_prefix_path')
[1.353s] INFO:colcon.colcon_core.shell:Creating environment hook '/home/atwork/limo_3.0/install/p9n_bringup/share/p9n_bringup/hook/ament_prefix_path.ps1'
[1.354s] INFO:colcon.colcon_core.shell:Creating environment descriptor '/home/atwork/limo_3.0/install/p9n_bringup/share/p9n_bringup/hook/ament_prefix_path.dsv'
[1.355s] INFO:colcon.colcon_core.shell:Creating environment hook '/home/atwork/limo_3.0/install/p9n_bringup/share/p9n_bringup/hook/ament_prefix_path.sh'
[1.357s] INFO:colcon.colcon_core.shell:Skip shell extension 'powershell' for command environment: Not usable outside of PowerShell
[1.358s] DEBUG:colcon.colcon_core.shell:Skip shell extension 'dsv' for command environment
[1.371s] Level 1:colcon.colcon_core.environment:create_environment_scripts_only(limo_msgs)
[1.372s] Level 1:colcon.colcon_core.environment:checking '/home/atwork/limo_3.0/install/limo_msgs' for CMake module files
[1.373s] Level 1:colcon.colcon_core.environment:checking '/home/atwork/limo_3.0/install/limo_msgs' for CMake config files
[1.373s] Level 1:colcon.colcon_core.shell:create_environment_hook('limo_msgs', 'cmake_prefix_path')
[1.374s] INFO:colcon.colcon_core.shell:Creating environment hook '/home/atwork/limo_3.0/install/limo_msgs/share/limo_msgs/hook/cmake_prefix_path.ps1'
[1.372s] DEBUG:colcon.colcon_core.event_handler.log_command:Invoked command in '/home/atwork/limo_3.0/build/limo_msgs' returned '0': CMAKE_PREFIX_PATH=${CMAKE_PREFIX_PATH}:/home/atwork/limo_3.0/install/limo_bringup:/home/atwork/limo_3.0/install/p9n_bringup:/home/atwork/limo_3.0/install/limo_cartographer:/opt/ros/jazzy DEBUGINFOD_URLS=https://debuginfod.ubuntu.com /usr/bin/cmake --install /home/atwork/limo_3.0/build/limo_msgs
[1.374s] INFO:colcon.colcon_core.shell:Creating environment descriptor '/home/atwork/limo_3.0/install/limo_msgs/share/limo_msgs/hook/cmake_prefix_path.dsv'
[1.375s] INFO:colcon.colcon_core.shell:Creating environment hook '/home/atwork/limo_3.0/install/limo_msgs/share/limo_msgs/hook/cmake_prefix_path.sh'
[1.375s] Level 1:colcon.colcon_core.environment:checking '/home/atwork/limo_3.0/install/limo_msgs/lib'
[1.376s] Level 1:colcon.colcon_core.shell:create_environment_hook('limo_msgs', 'ld_library_path_lib')
[1.376s] INFO:colcon.colcon_core.shell:Creating environment hook '/home/atwork/limo_3.0/install/limo_msgs/share/limo_msgs/hook/ld_library_path_lib.ps1'
[1.377s] INFO:colcon.colcon_core.shell:Creating environment descriptor '/home/atwork/limo_3.0/install/limo_msgs/share/limo_msgs/hook/ld_library_path_lib.dsv'
[1.377s] INFO:colcon.colcon_core.shell:Creating environment hook '/home/atwork/limo_3.0/install/limo_msgs/share/limo_msgs/hook/ld_library_path_lib.sh'
[1.378s] Level 1:colcon.colcon_core.environment:checking '/home/atwork/limo_3.0/install/limo_msgs/bin'
[1.378s] Level 1:colcon.colcon_core.environment:checking '/home/atwork/limo_3.0/install/limo_msgs/lib/pkgconfig/limo_msgs.pc'
[1.378s] Level 1:colcon.colcon_core.environment:checking '/home/atwork/limo_3.0/install/limo_msgs/lib/python3.12/site-packages'
[1.378s] Level 1:colcon.colcon_core.shell:create_environment_hook('limo_msgs', 'pythonpath')
[1.379s] INFO:colcon.colcon_core.shell:Creating environment hook '/home/atwork/limo_3.0/install/limo_msgs/share/limo_msgs/hook/pythonpath.ps1'
[1.380s] INFO:colcon.colcon_core.shell:Creating environment descriptor '/home/atwork/limo_3.0/install/limo_msgs/share/limo_msgs/hook/pythonpath.dsv'
[1.380s] INFO:colcon.colcon_core.shell:Creating environment hook '/home/atwork/limo_3.0/install/limo_msgs/share/limo_msgs/hook/pythonpath.sh'
[1.382s] Level 1:colcon.colcon_core.environment:checking '/home/atwork/limo_3.0/install/limo_msgs/bin'
[1.382s] INFO:colcon.colcon_core.shell:Creating package script '/home/atwork/limo_3.0/install/limo_msgs/share/limo_msgs/package.ps1'
[1.383s] INFO:colcon.colcon_core.shell:Creating package descriptor '/home/atwork/limo_3.0/install/limo_msgs/share/limo_msgs/package.dsv'
[1.384s] INFO:colcon.colcon_core.shell:Creating package script '/home/atwork/limo_3.0/install/limo_msgs/share/limo_msgs/package.sh'
[1.385s] INFO:colcon.colcon_core.shell:Creating package script '/home/atwork/limo_3.0/install/limo_msgs/share/limo_msgs/package.bash'
[1.385s] INFO:colcon.colcon_core.shell:Creating package script '/home/atwork/limo_3.0/install/limo_msgs/share/limo_msgs/package.zsh'
[1.386s] Level 1:colcon.colcon_core.environment:create_file_with_runtime_dependencies(/home/atwork/limo_3.0/install/limo_msgs/share/colcon-core/packages/limo_msgs)
[1.387s] Level 1:colcon.colcon_core.environment:create_environment_scripts_only(limo_msgs)
[1.387s] Level 1:colcon.colcon_core.environment:checking '/home/atwork/limo_3.0/install/limo_msgs' for CMake module files
[1.388s] Level 1:colcon.colcon_core.environment:checking '/home/atwork/limo_3.0/install/limo_msgs' for CMake config files
[1.389s] Level 1:colcon.colcon_core.shell:create_environment_hook('limo_msgs', 'cmake_prefix_path')
[1.389s] INFO:colcon.colcon_core.shell:Creating environment hook '/home/atwork/limo_3.0/install/limo_msgs/share/limo_msgs/hook/cmake_prefix_path.ps1'
[1.389s] INFO:colcon.colcon_core.shell:Creating environment descriptor '/home/atwork/limo_3.0/install/limo_msgs/share/limo_msgs/hook/cmake_prefix_path.dsv'
[1.390s] INFO:colcon.colcon_core.shell:Creating environment hook '/home/atwork/limo_3.0/install/limo_msgs/share/limo_msgs/hook/cmake_prefix_path.sh'
[1.391s] Level 1:colcon.colcon_core.environment:checking '/home/atwork/limo_3.0/install/limo_msgs/lib'
[1.391s] Level 1:colcon.colcon_core.shell:create_environment_hook('limo_msgs', 'ld_library_path_lib')
[1.391s] INFO:colcon.colcon_core.shell:Creating environment hook '/home/atwork/limo_3.0/install/limo_msgs/share/limo_msgs/hook/ld_library_path_lib.ps1'
[1.392s] INFO:colcon.colcon_core.shell:Creating environment descriptor '/home/atwork/limo_3.0/install/limo_msgs/share/limo_msgs/hook/ld_library_path_lib.dsv'
[1.392s] INFO:colcon.colcon_core.shell:Creating environment hook '/home/atwork/limo_3.0/install/limo_msgs/share/limo_msgs/hook/ld_library_path_lib.sh'
[1.393s] Level 1:colcon.colcon_core.environment:checking '/home/atwork/limo_3.0/install/limo_msgs/bin'
[1.393s] Level 1:colcon.colcon_core.environment:checking '/home/atwork/limo_3.0/install/limo_msgs/lib/pkgconfig/limo_msgs.pc'
[1.393s] Level 1:colcon.colcon_core.environment:checking '/home/atwork/limo_3.0/install/limo_msgs/lib/python3.12/site-packages'
[1.393s] Level 1:colcon.colcon_core.shell:create_environment_hook('limo_msgs', 'pythonpath')
[1.394s] INFO:colcon.colcon_core.shell:Creating environment hook '/home/atwork/limo_3.0/install/limo_msgs/share/limo_msgs/hook/pythonpath.ps1'
[1.394s] INFO:colcon.colcon_core.shell:Creating environment descriptor '/home/atwork/limo_3.0/install/limo_msgs/share/limo_msgs/hook/pythonpath.dsv'
[1.395s] INFO:colcon.colcon_core.shell:Creating environment hook '/home/atwork/limo_3.0/install/limo_msgs/share/limo_msgs/hook/pythonpath.sh'
[1.396s] Level 1:colcon.colcon_core.environment:checking '/home/atwork/limo_3.0/install/limo_msgs/bin'
[1.396s] INFO:colcon.colcon_core.shell:Creating package script '/home/atwork/limo_3.0/install/limo_msgs/share/limo_msgs/package.ps1'
[1.397s] INFO:colcon.colcon_core.shell:Creating package descriptor '/home/atwork/limo_3.0/install/limo_msgs/share/limo_msgs/package.dsv'
[1.398s] INFO:colcon.colcon_core.shell:Creating package script '/home/atwork/limo_3.0/install/limo_msgs/share/limo_msgs/package.sh'
[1.399s] INFO:colcon.colcon_core.shell:Creating package script '/home/atwork/limo_3.0/install/limo_msgs/share/limo_msgs/package.bash'
[1.399s] INFO:colcon.colcon_core.shell:Creating package script '/home/atwork/limo_3.0/install/limo_msgs/share/limo_msgs/package.zsh'
[1.400s] Level 1:colcon.colcon_core.environment:create_file_with_runtime_dependencies(/home/atwork/limo_3.0/install/limo_msgs/share/colcon-core/packages/limo_msgs)
[1.404s] DEBUG:colcon.colcon_core.event_handler.log_command:Invoking command in '/home/atwork/limo_3.0/build/p9n_test': CMAKE_PREFIX_PATH=/home/atwork/limo_3.0/install/joy:/home/atwork/limo_3.0/install/sdl2_vendor:/home/atwork/limo_3.0/install/p9n_interface:/home/atwork/limo_3.0/install/wiimote:/home/atwork/limo_3.0/install/wiimote_msgs:/home/atwork/limo_3.0/install/urg_node:/home/atwork/limo_3.0/install/spacenav:/home/atwork/limo_3.0/install/p9n:/home/atwork/limo_3.0/install/p9n_test:/home/atwork/limo_3.0/install/p9n_node:/home/atwork/limo_3.0/install/p9n_example:/home/atwork/limo_3.0/install/limo_base:/home/atwork/limo_3.0/install/limo_msgs:/home/atwork/limo_3.0/install/limo_description:/home/atwork/limo_3.0/install/joy_linux:/opt/ros/jazzy/opt/gz_math_vendor:/opt/ros/jazzy/opt/gz_utils_vendor:/opt/ros/jazzy/opt/gz_cmake_vendor:/home/atwork/limo_3.0/install/limo_bringup:/home/atwork/limo_3.0/install/p9n_bringup:/home/atwork/limo_3.0/install/limo_cartographer:/opt/ros/jazzy DEBUGINFOD_URLS=https://debuginfod.ubuntu.com LD_LIBRARY_PATH=/home/atwork/limo_3.0/install/joy/lib:/home/atwork/limo_3.0/install/wiimote/lib:/home/atwork/limo_3.0/install/wiimote_msgs/lib:/home/atwork/limo_3.0/install/urg_node/lib:/home/atwork/limo_3.0/install/spacenav/lib:/home/atwork/limo_3.0/install/p9n_test/lib:/home/atwork/limo_3.0/install/p9n_node/lib:/home/atwork/limo_3.0/install/p9n_example/lib:/home/atwork/limo_3.0/install/p9n_interface/lib:/home/atwork/limo_3.0/install/limo_msgs/lib:/opt/ros/jazzy/opt/rviz_ogre_vendor/lib:/opt/ros/jazzy/lib/x86_64-linux-gnu:/opt/ros/jazzy/opt/gz_math_vendor/lib:/opt/ros/jazzy/opt/gz_utils_vendor/lib:/opt/ros/jazzy/opt/gz_cmake_vendor/lib:/opt/ros/jazzy/lib /usr/bin/cmake --build /home/atwork/limo_3.0/build/p9n_test -- -j4 -l4
[1.406s] INFO:colcon.colcon_ros.task.ament_cmake.build:Building ROS package in '/home/atwork/limo_3.0/src/limo_ros2/limo_base' with build type 'ament_cmake'
[1.406s] INFO:colcon.colcon_cmake.task.cmake.build:Building CMake package in '/home/atwork/limo_3.0/src/limo_ros2/limo_base'
[1.406s] INFO:colcon.colcon_core.shell:Skip shell extension 'powershell' for command environment: Not usable outside of PowerShell
[1.406s] DEBUG:colcon.colcon_core.shell:Skip shell extension 'dsv' for command environment
[1.675s] INFO:colcon.colcon_core.task.python.build:Building Python package in '/home/atwork/limo_3.0/src/PlayStation-JoyInterface-ROS2/p9n_bringup'
[1.675s] INFO:colcon.colcon_core.shell:Skip shell extension 'powershell' for command environment: Not usable outside of PowerShell
[1.675s] DEBUG:colcon.colcon_core.shell:Skip shell extension 'dsv' for command environment
[1.682s] DEBUG:colcon.colcon_core.event_handler.log_command:Invoking command in '/home/atwork/limo_3.0/build/limo_base': CMAKE_PREFIX_PATH=/home/atwork/limo_3.0/install/limo_msgs:/home/atwork/limo_3.0/install/wiimote:/home/atwork/limo_3.0/install/wiimote_msgs:/home/atwork/limo_3.0/install/urg_node:/home/atwork/limo_3.0/install/spacenav:/home/atwork/limo_3.0/install/p9n:/home/atwork/limo_3.0/install/p9n_test:/home/atwork/limo_3.0/install/p9n_node:/home/atwork/limo_3.0/install/p9n_example:/home/atwork/limo_3.0/install/joy:/home/atwork/limo_3.0/install/sdl2_vendor:/home/atwork/limo_3.0/install/p9n_interface:/home/atwork/limo_3.0/install/limo_base:/home/atwork/limo_3.0/install/limo_description:/home/atwork/limo_3.0/install/joy_linux:/opt/ros/jazzy/opt/gz_math_vendor:/opt/ros/jazzy/opt/gz_utils_vendor:/opt/ros/jazzy/opt/gz_cmake_vendor:/home/atwork/limo_3.0/install/limo_bringup:/home/atwork/limo_3.0/install/p9n_bringup:/home/atwork/limo_3.0/install/limo_cartographer:/opt/ros/jazzy DEBUGINFOD_URLS=https://debuginfod.ubuntu.com LD_LIBRARY_PATH=/home/atwork/limo_3.0/install/limo_msgs/lib:/home/atwork/limo_3.0/install/wiimote/lib:/home/atwork/limo_3.0/install/wiimote_msgs/lib:/home/atwork/limo_3.0/install/urg_node/lib:/home/atwork/limo_3.0/install/spacenav/lib:/home/atwork/limo_3.0/install/p9n_test/lib:/home/atwork/limo_3.0/install/p9n_node/lib:/home/atwork/limo_3.0/install/p9n_example/lib:/home/atwork/limo_3.0/install/joy/lib:/home/atwork/limo_3.0/install/p9n_interface/lib:/opt/ros/jazzy/opt/rviz_ogre_vendor/lib:/opt/ros/jazzy/lib/x86_64-linux-gnu:/opt/ros/jazzy/opt/gz_math_vendor/lib:/opt/ros/jazzy/opt/gz_utils_vendor/lib:/opt/ros/jazzy/opt/gz_cmake_vendor/lib:/opt/ros/jazzy/lib PYTHONPATH=/home/atwork/limo_3.0/install/limo_msgs/lib/python3.12/site-packages:/home/atwork/limo_3.0/install/wiimote_msgs/lib/python3.12/site-packages:/home/atwork/limo_3.0/install/limo_bringup/lib/python3.12/site-packages:/home/atwork/limo_3.0/install/p9n_bringup/lib/python3.12/site-packages:/home/atwork/limo_3.0/install/limo_cartographer/lib/python3.12/site-packages:/opt/ros/jazzy/lib/python3.12/site-packages /usr/bin/cmake --build /home/atwork/limo_3.0/build/limo_base -- -j4 -l4
[1.683s] DEBUG:colcon.colcon_core.event_handler.log_command:Invoked command in '/home/atwork/limo_3.0/build/p9n_test' returned '0': CMAKE_PREFIX_PATH=/home/atwork/limo_3.0/install/joy:/home/atwork/limo_3.0/install/sdl2_vendor:/home/atwork/limo_3.0/install/p9n_interface:/home/atwork/limo_3.0/install/wiimote:/home/atwork/limo_3.0/install/wiimote_msgs:/home/atwork/limo_3.0/install/urg_node:/home/atwork/limo_3.0/install/spacenav:/home/atwork/limo_3.0/install/p9n:/home/atwork/limo_3.0/install/p9n_test:/home/atwork/limo_3.0/install/p9n_node:/home/atwork/limo_3.0/install/p9n_example:/home/atwork/limo_3.0/install/limo_base:/home/atwork/limo_3.0/install/limo_msgs:/home/atwork/limo_3.0/install/limo_description:/home/atwork/limo_3.0/install/joy_linux:/opt/ros/jazzy/opt/gz_math_vendor:/opt/ros/jazzy/opt/gz_utils_vendor:/opt/ros/jazzy/opt/gz_cmake_vendor:/home/atwork/limo_3.0/install/limo_bringup:/home/atwork/limo_3.0/install/p9n_bringup:/home/atwork/limo_3.0/install/limo_cartographer:/opt/ros/jazzy DEBUGINFOD_URLS=https://debuginfod.ubuntu.com LD_LIBRARY_PATH=/home/atwork/limo_3.0/install/joy/lib:/home/atwork/limo_3.0/install/wiimote/lib:/home/atwork/limo_3.0/install/wiimote_msgs/lib:/home/atwork/limo_3.0/install/urg_node/lib:/home/atwork/limo_3.0/install/spacenav/lib:/home/atwork/limo_3.0/install/p9n_test/lib:/home/atwork/limo_3.0/install/p9n_node/lib:/home/atwork/limo_3.0/install/p9n_example/lib:/home/atwork/limo_3.0/install/p9n_interface/lib:/home/atwork/limo_3.0/install/limo_msgs/lib:/opt/ros/jazzy/opt/rviz_ogre_vendor/lib:/opt/ros/jazzy/lib/x86_64-linux-gnu:/opt/ros/jazzy/opt/gz_math_vendor/lib:/opt/ros/jazzy/opt/gz_utils_vendor/lib:/opt/ros/jazzy/opt/gz_cmake_vendor/lib:/opt/ros/jazzy/lib /usr/bin/cmake --build /home/atwork/limo_3.0/build/p9n_test -- -j4 -l4
[1.687s] DEBUG:colcon.colcon_core.event_handler.log_command:Invoking command in '/home/atwork/limo_3.0/build/p9n_test': CMAKE_PREFIX_PATH=/home/atwork/limo_3.0/install/joy:/home/atwork/limo_3.0/install/sdl2_vendor:/home/atwork/limo_3.0/install/p9n_interface:/home/atwork/limo_3.0/install/wiimote:/home/atwork/limo_3.0/install/wiimote_msgs:/home/atwork/limo_3.0/install/urg_node:/home/atwork/limo_3.0/install/spacenav:/home/atwork/limo_3.0/install/p9n:/home/atwork/limo_3.0/install/p9n_test:/home/atwork/limo_3.0/install/p9n_node:/home/atwork/limo_3.0/install/p9n_example:/home/atwork/limo_3.0/install/limo_base:/home/atwork/limo_3.0/install/limo_msgs:/home/atwork/limo_3.0/install/limo_description:/home/atwork/limo_3.0/install/joy_linux:/opt/ros/jazzy/opt/gz_math_vendor:/opt/ros/jazzy/opt/gz_utils_vendor:/opt/ros/jazzy/opt/gz_cmake_vendor:/home/atwork/limo_3.0/install/limo_bringup:/home/atwork/limo_3.0/install/p9n_bringup:/home/atwork/limo_3.0/install/limo_cartographer:/opt/ros/jazzy DEBUGINFOD_URLS=https://debuginfod.ubuntu.com LD_LIBRARY_PATH=/home/atwork/limo_3.0/install/joy/lib:/home/atwork/limo_3.0/install/wiimote/lib:/home/atwork/limo_3.0/install/wiimote_msgs/lib:/home/atwork/limo_3.0/install/urg_node/lib:/home/atwork/limo_3.0/install/spacenav/lib:/home/atwork/limo_3.0/install/p9n_test/lib:/home/atwork/limo_3.0/install/p9n_node/lib:/home/atwork/limo_3.0/install/p9n_example/lib:/home/atwork/limo_3.0/install/p9n_interface/lib:/home/atwork/limo_3.0/install/limo_msgs/lib:/opt/ros/jazzy/opt/rviz_ogre_vendor/lib:/opt/ros/jazzy/lib/x86_64-linux-gnu:/opt/ros/jazzy/opt/gz_math_vendor/lib:/opt/ros/jazzy/opt/gz_utils_vendor/lib:/opt/ros/jazzy/opt/gz_cmake_vendor/lib:/opt/ros/jazzy/lib /usr/bin/cmake --install /home/atwork/limo_3.0/build/p9n_test
[1.689s] DEBUG:colcon.colcon_core.event_handler.log_command:Invoked command in '/home/atwork/limo_3.0/build/wiimote_msgs' returned '0': CMAKE_PREFIX_PATH=${CMAKE_PREFIX_PATH}:/home/atwork/limo_3.0/install/limo_bringup:/home/atwork/limo_3.0/install/p9n_bringup:/home/atwork/limo_3.0/install/limo_cartographer:/opt/ros/jazzy DEBUGINFOD_URLS=https://debuginfod.ubuntu.com /usr/bin/cmake --build /home/atwork/limo_3.0/build/wiimote_msgs -- -j4 -l4
[1.693s] DEBUG:colcon.colcon_core.event_handler.log_command:Invoking command in '/home/atwork/limo_3.0/build/wiimote_msgs': CMAKE_PREFIX_PATH=${CMAKE_PREFIX_PATH}:/home/atwork/limo_3.0/install/limo_bringup:/home/atwork/limo_3.0/install/p9n_bringup:/home/atwork/limo_3.0/install/limo_cartographer:/opt/ros/jazzy DEBUGINFOD_URLS=https://debuginfod.ubuntu.com /usr/bin/cmake --install /home/atwork/limo_3.0/build/wiimote_msgs
[1.708s] Level 1:colcon.colcon_core.environment:create_environment_scripts_only(p9n_test)
[1.708s] Level 1:colcon.colcon_core.environment:checking '/home/atwork/limo_3.0/install/p9n_test' for CMake module files
[1.709s] Level 1:colcon.colcon_core.environment:checking '/home/atwork/limo_3.0/install/p9n_test' for CMake config files
[1.709s] Level 1:colcon.colcon_core.shell:create_environment_hook('p9n_test', 'cmake_prefix_path')
[1.710s] INFO:colcon.colcon_core.shell:Creating environment hook '/home/atwork/limo_3.0/install/p9n_test/share/p9n_test/hook/cmake_prefix_path.ps1'
[1.716s] INFO:colcon.colcon_core.shell:Creating environment descriptor '/home/atwork/limo_3.0/install/p9n_test/share/p9n_test/hook/cmake_prefix_path.dsv'
[1.716s] INFO:colcon.colcon_core.shell:Creating environment hook '/home/atwork/limo_3.0/install/p9n_test/share/p9n_test/hook/cmake_prefix_path.sh'
[1.720s] Level 1:colcon.colcon_core.environment:checking '/home/atwork/limo_3.0/install/p9n_test/lib'
[1.720s] Level 1:colcon.colcon_core.shell:create_environment_hook('p9n_test', 'ld_library_path_lib')
[1.721s] INFO:colcon.colcon_core.shell:Creating environment hook '/home/atwork/limo_3.0/install/p9n_test/share/p9n_test/hook/ld_library_path_lib.ps1'
[1.723s] INFO:colcon.colcon_core.shell:Creating environment descriptor '/home/atwork/limo_3.0/install/p9n_test/share/p9n_test/hook/ld_library_path_lib.dsv'
[1.723s] INFO:colcon.colcon_core.shell:Creating environment hook '/home/atwork/limo_3.0/install/p9n_test/share/p9n_test/hook/ld_library_path_lib.sh'
[1.724s] Level 1:colcon.colcon_core.environment:checking '/home/atwork/limo_3.0/install/p9n_test/bin'
[1.724s] Level 1:colcon.colcon_core.environment:checking '/home/atwork/limo_3.0/install/p9n_test/lib/pkgconfig/p9n_test.pc'
[1.724s] Level 1:colcon.colcon_core.environment:checking '/home/atwork/limo_3.0/install/p9n_test/lib/python3.12/site-packages'
[1.725s] Level 1:colcon.colcon_core.environment:checking '/home/atwork/limo_3.0/install/p9n_test/bin'
[1.725s] INFO:colcon.colcon_core.shell:Creating package script '/home/atwork/limo_3.0/install/p9n_test/share/p9n_test/package.ps1'
[1.729s] INFO:colcon.colcon_core.shell:Creating package descriptor '/home/atwork/limo_3.0/install/p9n_test/share/p9n_test/package.dsv'
[1.731s] INFO:colcon.colcon_core.shell:Creating package script '/home/atwork/limo_3.0/install/p9n_test/share/p9n_test/package.sh'
[1.732s] INFO:colcon.colcon_core.shell:Creating package script '/home/atwork/limo_3.0/install/p9n_test/share/p9n_test/package.bash'
[1.735s] INFO:colcon.colcon_core.shell:Creating package script '/home/atwork/limo_3.0/install/p9n_test/share/p9n_test/package.zsh'
[1.735s] Level 1:colcon.colcon_core.environment:create_file_with_runtime_dependencies(/home/atwork/limo_3.0/install/p9n_test/share/colcon-core/packages/p9n_test)
[1.736s] Level 1:colcon.colcon_core.environment:create_environment_scripts_only(p9n_test)
[1.736s] Level 1:colcon.colcon_core.environment:checking '/home/atwork/limo_3.0/install/p9n_test' for CMake module files
[1.751s] Level 1:colcon.colcon_core.environment:checking '/home/atwork/limo_3.0/install/p9n_test' for CMake config files
[1.751s] Level 1:colcon.colcon_core.shell:create_environment_hook('p9n_test', 'cmake_prefix_path')
[1.751s] INFO:colcon.colcon_core.shell:Creating environment hook '/home/atwork/limo_3.0/install/p9n_test/share/p9n_test/hook/cmake_prefix_path.ps1'
[1.752s] INFO:colcon.colcon_core.shell:Creating environment descriptor '/home/atwork/limo_3.0/install/p9n_test/share/p9n_test/hook/cmake_prefix_path.dsv'
[1.752s] INFO:colcon.colcon_core.shell:Creating environment hook '/home/atwork/limo_3.0/install/p9n_test/share/p9n_test/hook/cmake_prefix_path.sh'
[1.753s] Level 1:colcon.colcon_core.environment:checking '/home/atwork/limo_3.0/install/p9n_test/lib'
[1.753s] Level 1:colcon.colcon_core.shell:create_environment_hook('p9n_test', 'ld_library_path_lib')
[1.753s] INFO:colcon.colcon_core.shell:Creating environment hook '/home/atwork/limo_3.0/install/p9n_test/share/p9n_test/hook/ld_library_path_lib.ps1'
[1.754s] INFO:colcon.colcon_core.shell:Creating environment descriptor '/home/atwork/limo_3.0/install/p9n_test/share/p9n_test/hook/ld_library_path_lib.dsv'
[1.756s] INFO:colcon.colcon_core.shell:Creating environment hook '/home/atwork/limo_3.0/install/p9n_test/share/p9n_test/hook/ld_library_path_lib.sh'
[1.757s] Level 1:colcon.colcon_core.environment:checking '/home/atwork/limo_3.0/install/p9n_test/bin'
[1.757s] Level 1:colcon.colcon_core.environment:checking '/home/atwork/limo_3.0/install/p9n_test/lib/pkgconfig/p9n_test.pc'
[1.757s] Level 1:colcon.colcon_core.environment:checking '/home/atwork/limo_3.0/install/p9n_test/lib/python3.12/site-packages'
[1.759s] Level 1:colcon.colcon_core.environment:checking '/home/atwork/limo_3.0/install/p9n_test/bin'
[1.763s] INFO:colcon.colcon_core.shell:Creating package script '/home/atwork/limo_3.0/install/p9n_test/share/p9n_test/package.ps1'
[1.764s] INFO:colcon.colcon_core.shell:Creating package descriptor '/home/atwork/limo_3.0/install/p9n_test/share/p9n_test/package.dsv'
[1.769s] INFO:colcon.colcon_core.shell:Creating package script '/home/atwork/limo_3.0/install/p9n_test/share/p9n_test/package.sh'
[1.769s] INFO:colcon.colcon_core.shell:Creating package script '/home/atwork/limo_3.0/install/p9n_test/share/p9n_test/package.bash'
[1.770s] INFO:colcon.colcon_core.shell:Creating package script '/home/atwork/limo_3.0/install/p9n_test/share/p9n_test/package.zsh'
[1.770s] Level 1:colcon.colcon_core.environment:create_file_with_runtime_dependencies(/home/atwork/limo_3.0/install/p9n_test/share/colcon-core/packages/p9n_test)
[1.771s] INFO:colcon.colcon_ros.task.ament_cmake.build:Building ROS package in '/home/atwork/limo_3.0/src/joystick_drivers/joy_linux' with build type 'ament_cmake'
[1.771s] INFO:colcon.colcon_cmake.task.cmake.build:Building CMake package in '/home/atwork/limo_3.0/src/joystick_drivers/joy_linux'
[1.771s] INFO:colcon.colcon_core.shell:Skip shell extension 'powershell' for command environment: Not usable outside of PowerShell
[1.771s] DEBUG:colcon.colcon_core.shell:Skip shell extension 'dsv' for command environment
[1.781s] DEBUG:colcon.colcon_core.event_handler.log_command:Invoked command in '/home/atwork/limo_3.0/build/p9n_test' returned '0': CMAKE_PREFIX_PATH=/home/atwork/limo_3.0/install/joy:/home/atwork/limo_3.0/install/sdl2_vendor:/home/atwork/limo_3.0/install/p9n_interface:/home/atwork/limo_3.0/install/wiimote:/home/atwork/limo_3.0/install/wiimote_msgs:/home/atwork/limo_3.0/install/urg_node:/home/atwork/limo_3.0/install/spacenav:/home/atwork/limo_3.0/install/p9n:/home/atwork/limo_3.0/install/p9n_test:/home/atwork/limo_3.0/install/p9n_node:/home/atwork/limo_3.0/install/p9n_example:/home/atwork/limo_3.0/install/limo_base:/home/atwork/limo_3.0/install/limo_msgs:/home/atwork/limo_3.0/install/limo_description:/home/atwork/limo_3.0/install/joy_linux:/opt/ros/jazzy/opt/gz_math_vendor:/opt/ros/jazzy/opt/gz_utils_vendor:/opt/ros/jazzy/opt/gz_cmake_vendor:/home/atwork/limo_3.0/install/limo_bringup:/home/atwork/limo_3.0/install/p9n_bringup:/home/atwork/limo_3.0/install/limo_cartographer:/opt/ros/jazzy DEBUGINFOD_URLS=https://debuginfod.ubuntu.com LD_LIBRARY_PATH=/home/atwork/limo_3.0/install/joy/lib:/home/atwork/limo_3.0/install/wiimote/lib:/home/atwork/limo_3.0/install/wiimote_msgs/lib:/home/atwork/limo_3.0/install/urg_node/lib:/home/atwork/limo_3.0/install/spacenav/lib:/home/atwork/limo_3.0/install/p9n_test/lib:/home/atwork/limo_3.0/install/p9n_node/lib:/home/atwork/limo_3.0/install/p9n_example/lib:/home/atwork/limo_3.0/install/p9n_interface/lib:/home/atwork/limo_3.0/install/limo_msgs/lib:/opt/ros/jazzy/opt/rviz_ogre_vendor/lib:/opt/ros/jazzy/lib/x86_64-linux-gnu:/opt/ros/jazzy/opt/gz_math_vendor/lib:/opt/ros/jazzy/opt/gz_utils_vendor/lib:/opt/ros/jazzy/opt/gz_cmake_vendor/lib:/opt/ros/jazzy/lib /usr/bin/cmake --install /home/atwork/limo_3.0/build/p9n_test
[1.793s] DEBUG:colcon.colcon_core.event_handler.log_command:Invoked command in '/home/atwork/limo_3.0/build/limo_base' returned '0': CMAKE_PREFIX_PATH=/home/atwork/limo_3.0/install/limo_msgs:/home/atwork/limo_3.0/install/wiimote:/home/atwork/limo_3.0/install/wiimote_msgs:/home/atwork/limo_3.0/install/urg_node:/home/atwork/limo_3.0/install/spacenav:/home/atwork/limo_3.0/install/p9n:/home/atwork/limo_3.0/install/p9n_test:/home/atwork/limo_3.0/install/p9n_node:/home/atwork/limo_3.0/install/p9n_example:/home/atwork/limo_3.0/install/joy:/home/atwork/limo_3.0/install/sdl2_vendor:/home/atwork/limo_3.0/install/p9n_interface:/home/atwork/limo_3.0/install/limo_base:/home/atwork/limo_3.0/install/limo_description:/home/atwork/limo_3.0/install/joy_linux:/opt/ros/jazzy/opt/gz_math_vendor:/opt/ros/jazzy/opt/gz_utils_vendor:/opt/ros/jazzy/opt/gz_cmake_vendor:/home/atwork/limo_3.0/install/limo_bringup:/home/atwork/limo_3.0/install/p9n_bringup:/home/atwork/limo_3.0/install/limo_cartographer:/opt/ros/jazzy DEBUGINFOD_URLS=https://debuginfod.ubuntu.com LD_LIBRARY_PATH=/home/atwork/limo_3.0/install/limo_msgs/lib:/home/atwork/limo_3.0/install/wiimote/lib:/home/atwork/limo_3.0/install/wiimote_msgs/lib:/home/atwork/limo_3.0/install/urg_node/lib:/home/atwork/limo_3.0/install/spacenav/lib:/home/atwork/limo_3.0/install/p9n_test/lib:/home/atwork/limo_3.0/install/p9n_node/lib:/home/atwork/limo_3.0/install/p9n_example/lib:/home/atwork/limo_3.0/install/joy/lib:/home/atwork/limo_3.0/install/p9n_interface/lib:/opt/ros/jazzy/opt/rviz_ogre_vendor/lib:/opt/ros/jazzy/lib/x86_64-linux-gnu:/opt/ros/jazzy/opt/gz_math_vendor/lib:/opt/ros/jazzy/opt/gz_utils_vendor/lib:/opt/ros/jazzy/opt/gz_cmake_vendor/lib:/opt/ros/jazzy/lib PYTHONPATH=/home/atwork/limo_3.0/install/limo_msgs/lib/python3.12/site-packages:/home/atwork/limo_3.0/install/wiimote_msgs/lib/python3.12/site-packages:/home/atwork/limo_3.0/install/limo_bringup/lib/python3.12/site-packages:/home/atwork/limo_3.0/install/p9n_bringup/lib/python3.12/site-packages:/home/atwork/limo_3.0/install/limo_cartographer/lib/python3.12/site-packages:/opt/ros/jazzy/lib/python3.12/site-packages /usr/bin/cmake --build /home/atwork/limo_3.0/build/limo_base -- -j4 -l4
[1.795s] DEBUG:colcon.colcon_core.event_handler.log_command:Invoking command in '/home/atwork/limo_3.0/build/limo_base': CMAKE_PREFIX_PATH=/home/atwork/limo_3.0/install/limo_msgs:/home/atwork/limo_3.0/install/wiimote:/home/atwork/limo_3.0/install/wiimote_msgs:/home/atwork/limo_3.0/install/urg_node:/home/atwork/limo_3.0/install/spacenav:/home/atwork/limo_3.0/install/p9n:/home/atwork/limo_3.0/install/p9n_test:/home/atwork/limo_3.0/install/p9n_node:/home/atwork/limo_3.0/install/p9n_example:/home/atwork/limo_3.0/install/joy:/home/atwork/limo_3.0/install/sdl2_vendor:/home/atwork/limo_3.0/install/p9n_interface:/home/atwork/limo_3.0/install/limo_base:/home/atwork/limo_3.0/install/limo_description:/home/atwork/limo_3.0/install/joy_linux:/opt/ros/jazzy/opt/gz_math_vendor:/opt/ros/jazzy/opt/gz_utils_vendor:/opt/ros/jazzy/opt/gz_cmake_vendor:/home/atwork/limo_3.0/install/limo_bringup:/home/atwork/limo_3.0/install/p9n_bringup:/home/atwork/limo_3.0/install/limo_cartographer:/opt/ros/jazzy DEBUGINFOD_URLS=https://debuginfod.ubuntu.com LD_LIBRARY_PATH=/home/atwork/limo_3.0/install/limo_msgs/lib:/home/atwork/limo_3.0/install/wiimote/lib:/home/atwork/limo_3.0/install/wiimote_msgs/lib:/home/atwork/limo_3.0/install/urg_node/lib:/home/atwork/limo_3.0/install/spacenav/lib:/home/atwork/limo_3.0/install/p9n_test/lib:/home/atwork/limo_3.0/install/p9n_node/lib:/home/atwork/limo_3.0/install/p9n_example/lib:/home/atwork/limo_3.0/install/joy/lib:/home/atwork/limo_3.0/install/p9n_interface/lib:/opt/ros/jazzy/opt/rviz_ogre_vendor/lib:/opt/ros/jazzy/lib/x86_64-linux-gnu:/opt/ros/jazzy/opt/gz_math_vendor/lib:/opt/ros/jazzy/opt/gz_utils_vendor/lib:/opt/ros/jazzy/opt/gz_cmake_vendor/lib:/opt/ros/jazzy/lib PYTHONPATH=/home/atwork/limo_3.0/install/limo_msgs/lib/python3.12/site-packages:/home/atwork/limo_3.0/install/wiimote_msgs/lib/python3.12/site-packages:/home/atwork/limo_3.0/install/limo_bringup/lib/python3.12/site-packages:/home/atwork/limo_3.0/install/p9n_bringup/lib/python3.12/site-packages:/home/atwork/limo_3.0/install/limo_cartographer/lib/python3.12/site-packages:/opt/ros/jazzy/lib/python3.12/site-packages /usr/bin/cmake --install /home/atwork/limo_3.0/build/limo_base
[1.795s] Level 1:colcon.colcon_core.environment:create_environment_scripts_only(wiimote_msgs)
[1.795s] Level 1:colcon.colcon_core.environment:checking '/home/atwork/limo_3.0/install/wiimote_msgs' for CMake module files
[1.796s] Level 1:colcon.colcon_core.environment:checking '/home/atwork/limo_3.0/install/wiimote_msgs' for CMake config files
[1.797s] Level 1:colcon.colcon_core.shell:create_environment_hook('wiimote_msgs', 'cmake_prefix_path')
[1.797s] INFO:colcon.colcon_core.shell:Creating environment hook '/home/atwork/limo_3.0/install/wiimote_msgs/share/wiimote_msgs/hook/cmake_prefix_path.ps1'
[1.798s] DEBUG:colcon.colcon_core.event_handler.log_command:Invoked command in '/home/atwork/limo_3.0/build/wiimote_msgs' returned '0': CMAKE_PREFIX_PATH=${CMAKE_PREFIX_PATH}:/home/atwork/limo_3.0/install/limo_bringup:/home/atwork/limo_3.0/install/p9n_bringup:/home/atwork/limo_3.0/install/limo_cartographer:/opt/ros/jazzy DEBUGINFOD_URLS=https://debuginfod.ubuntu.com /usr/bin/cmake --install /home/atwork/limo_3.0/build/wiimote_msgs
[1.798s] INFO:colcon.colcon_core.shell:Creating environment descriptor '/home/atwork/limo_3.0/install/wiimote_msgs/share/wiimote_msgs/hook/cmake_prefix_path.dsv'
[1.799s] INFO:colcon.colcon_core.shell:Creating environment hook '/home/atwork/limo_3.0/install/wiimote_msgs/share/wiimote_msgs/hook/cmake_prefix_path.sh'
[1.800s] Level 1:colcon.colcon_core.environment:checking '/home/atwork/limo_3.0/install/wiimote_msgs/lib'
[1.800s] Level 1:colcon.colcon_core.shell:create_environment_hook('wiimote_msgs', 'ld_library_path_lib')
[1.801s] INFO:colcon.colcon_core.shell:Creating environment hook '/home/atwork/limo_3.0/install/wiimote_msgs/share/wiimote_msgs/hook/ld_library_path_lib.ps1'
[1.801s] INFO:colcon.colcon_core.shell:Creating environment descriptor '/home/atwork/limo_3.0/install/wiimote_msgs/share/wiimote_msgs/hook/ld_library_path_lib.dsv'
[1.802s] INFO:colcon.colcon_core.shell:Creating environment hook '/home/atwork/limo_3.0/install/wiimote_msgs/share/wiimote_msgs/hook/ld_library_path_lib.sh'
[1.802s] Level 1:colcon.colcon_core.environment:checking '/home/atwork/limo_3.0/install/wiimote_msgs/bin'
[1.802s] Level 1:colcon.colcon_core.environment:checking '/home/atwork/limo_3.0/install/wiimote_msgs/lib/pkgconfig/wiimote_msgs.pc'
[1.803s] Level 1:colcon.colcon_core.environment:checking '/home/atwork/limo_3.0/install/wiimote_msgs/lib/python3.12/site-packages'
[1.803s] Level 1:colcon.colcon_core.shell:create_environment_hook('wiimote_msgs', 'pythonpath')
[1.803s] INFO:colcon.colcon_core.shell:Creating environment hook '/home/atwork/limo_3.0/install/wiimote_msgs/share/wiimote_msgs/hook/pythonpath.ps1'
[1.804s] INFO:colcon.colcon_core.shell:Creating environment descriptor '/home/atwork/limo_3.0/install/wiimote_msgs/share/wiimote_msgs/hook/pythonpath.dsv'
[1.805s] INFO:colcon.colcon_core.shell:Creating environment hook '/home/atwork/limo_3.0/install/wiimote_msgs/share/wiimote_msgs/hook/pythonpath.sh'
[1.806s] Level 1:colcon.colcon_core.environment:checking '/home/atwork/limo_3.0/install/wiimote_msgs/bin'
[1.807s] INFO:colcon.colcon_core.shell:Creating package script '/home/atwork/limo_3.0/install/wiimote_msgs/share/wiimote_msgs/package.ps1'
[1.807s] INFO:colcon.colcon_core.shell:Creating package descriptor '/home/atwork/limo_3.0/install/wiimote_msgs/share/wiimote_msgs/package.dsv'
[1.808s] INFO:colcon.colcon_core.shell:Creating package script '/home/atwork/limo_3.0/install/wiimote_msgs/share/wiimote_msgs/package.sh'
[1.809s] INFO:colcon.colcon_core.shell:Creating package script '/home/atwork/limo_3.0/install/wiimote_msgs/share/wiimote_msgs/package.bash'
[1.809s] INFO:colcon.colcon_core.shell:Creating package script '/home/atwork/limo_3.0/install/wiimote_msgs/share/wiimote_msgs/package.zsh'
[1.810s] Level 1:colcon.colcon_core.environment:create_file_with_runtime_dependencies(/home/atwork/limo_3.0/install/wiimote_msgs/share/colcon-core/packages/wiimote_msgs)
[1.811s] Level 1:colcon.colcon_core.environment:create_environment_scripts_only(wiimote_msgs)
[1.811s] Level 1:colcon.colcon_core.environment:checking '/home/atwork/limo_3.0/install/wiimote_msgs' for CMake module files
[1.812s] Level 1:colcon.colcon_core.environment:checking '/home/atwork/limo_3.0/install/wiimote_msgs' for CMake config files
[1.812s] Level 1:colcon.colcon_core.shell:create_environment_hook('wiimote_msgs', 'cmake_prefix_path')
[1.812s] INFO:colcon.colcon_core.shell:Creating environment hook '/home/atwork/limo_3.0/install/wiimote_msgs/share/wiimote_msgs/hook/cmake_prefix_path.ps1'
[1.813s] INFO:colcon.colcon_core.shell:Creating environment descriptor '/home/atwork/limo_3.0/install/wiimote_msgs/share/wiimote_msgs/hook/cmake_prefix_path.dsv'
[1.814s] INFO:colcon.colcon_core.shell:Creating environment hook '/home/atwork/limo_3.0/install/wiimote_msgs/share/wiimote_msgs/hook/cmake_prefix_path.sh'
[1.814s] Level 1:colcon.colcon_core.environment:checking '/home/atwork/limo_3.0/install/wiimote_msgs/lib'
[1.815s] Level 1:colcon.colcon_core.shell:create_environment_hook('wiimote_msgs', 'ld_library_path_lib')
[1.815s] INFO:colcon.colcon_core.shell:Creating environment hook '/home/atwork/limo_3.0/install/wiimote_msgs/share/wiimote_msgs/hook/ld_library_path_lib.ps1'
[1.815s] INFO:colcon.colcon_core.shell:Creating environment descriptor '/home/atwork/limo_3.0/install/wiimote_msgs/share/wiimote_msgs/hook/ld_library_path_lib.dsv'
[1.815s] INFO:colcon.colcon_core.shell:Creating environment hook '/home/atwork/limo_3.0/install/wiimote_msgs/share/wiimote_msgs/hook/ld_library_path_lib.sh'
[1.816s] Level 1:colcon.colcon_core.environment:checking '/home/atwork/limo_3.0/install/wiimote_msgs/bin'
[1.816s] Level 1:colcon.colcon_core.environment:checking '/home/atwork/limo_3.0/install/wiimote_msgs/lib/pkgconfig/wiimote_msgs.pc'
[1.816s] Level 1:colcon.colcon_core.environment:checking '/home/atwork/limo_3.0/install/wiimote_msgs/lib/python3.12/site-packages'
[1.816s] Level 1:colcon.colcon_core.shell:create_environment_hook('wiimote_msgs', 'pythonpath')
[1.817s] INFO:colcon.colcon_core.shell:Creating environment hook '/home/atwork/limo_3.0/install/wiimote_msgs/share/wiimote_msgs/hook/pythonpath.ps1'
[1.817s] INFO:colcon.colcon_core.shell:Creating environment descriptor '/home/atwork/limo_3.0/install/wiimote_msgs/share/wiimote_msgs/hook/pythonpath.dsv'
[1.817s] INFO:colcon.colcon_core.shell:Creating environment hook '/home/atwork/limo_3.0/install/wiimote_msgs/share/wiimote_msgs/hook/pythonpath.sh'
[1.818s] Level 1:colcon.colcon_core.environment:checking '/home/atwork/limo_3.0/install/wiimote_msgs/bin'
[1.818s] INFO:colcon.colcon_core.shell:Creating package script '/home/atwork/limo_3.0/install/wiimote_msgs/share/wiimote_msgs/package.ps1'
[1.819s] INFO:colcon.colcon_core.shell:Creating package descriptor '/home/atwork/limo_3.0/install/wiimote_msgs/share/wiimote_msgs/package.dsv'
[1.820s] INFO:colcon.colcon_core.shell:Creating package script '/home/atwork/limo_3.0/install/wiimote_msgs/share/wiimote_msgs/package.sh'
[1.821s] INFO:colcon.colcon_core.shell:Creating package script '/home/atwork/limo_3.0/install/wiimote_msgs/share/wiimote_msgs/package.bash'
[1.822s] INFO:colcon.colcon_core.shell:Creating package script '/home/atwork/limo_3.0/install/wiimote_msgs/share/wiimote_msgs/package.zsh'
[1.822s] Level 1:colcon.colcon_core.environment:create_file_with_runtime_dependencies(/home/atwork/limo_3.0/install/wiimote_msgs/share/colcon-core/packages/wiimote_msgs)
[1.826s] INFO:colcon.colcon_ros.task.ament_python.build:Building ROS package in '/home/atwork/limo_3.0/src/limo_cartographer' with build type 'ament_python'
[1.826s] Level 1:colcon.colcon_core.shell:create_environment_hook('limo_cartographer', 'ament_prefix_path')
[1.827s] INFO:colcon.colcon_core.shell:Creating environment hook '/home/atwork/limo_3.0/install/limo_cartographer/share/limo_cartographer/hook/ament_prefix_path.ps1'
[1.828s] INFO:colcon.colcon_core.shell:Creating environment descriptor '/home/atwork/limo_3.0/install/limo_cartographer/share/limo_cartographer/hook/ament_prefix_path.dsv'
[1.830s] INFO:colcon.colcon_core.shell:Creating environment hook '/home/atwork/limo_3.0/install/limo_cartographer/share/limo_cartographer/hook/ament_prefix_path.sh'
[1.831s] INFO:colcon.colcon_core.shell:Skip shell extension 'powershell' for command environment: Not usable outside of PowerShell
[1.831s] DEBUG:colcon.colcon_core.shell:Skip shell extension 'dsv' for command environment
[1.835s] Level 1:colcon.colcon_core.environment:create_environment_scripts_only(limo_base)
[1.835s] Level 1:colcon.colcon_core.environment:checking '/home/atwork/limo_3.0/install/limo_base' for CMake module files
[1.836s] Level 1:colcon.colcon_core.environment:checking '/home/atwork/limo_3.0/install/limo_base' for CMake config files
[1.836s] Level 1:colcon.colcon_core.shell:create_environment_hook('limo_base', 'cmake_prefix_path')
[1.836s] INFO:colcon.colcon_core.shell:Creating environment hook '/home/atwork/limo_3.0/install/limo_base/share/limo_base/hook/cmake_prefix_path.ps1'
[1.836s] DEBUG:colcon.colcon_core.event_handler.log_command:Invoked command in '/home/atwork/limo_3.0/build/limo_base' returned '0': CMAKE_PREFIX_PATH=/home/atwork/limo_3.0/install/limo_msgs:/home/atwork/limo_3.0/install/wiimote:/home/atwork/limo_3.0/install/wiimote_msgs:/home/atwork/limo_3.0/install/urg_node:/home/atwork/limo_3.0/install/spacenav:/home/atwork/limo_3.0/install/p9n:/home/atwork/limo_3.0/install/p9n_test:/home/atwork/limo_3.0/install/p9n_node:/home/atwork/limo_3.0/install/p9n_example:/home/atwork/limo_3.0/install/joy:/home/atwork/limo_3.0/install/sdl2_vendor:/home/atwork/limo_3.0/install/p9n_interface:/home/atwork/limo_3.0/install/limo_base:/home/atwork/limo_3.0/install/limo_description:/home/atwork/limo_3.0/install/joy_linux:/opt/ros/jazzy/opt/gz_math_vendor:/opt/ros/jazzy/opt/gz_utils_vendor:/opt/ros/jazzy/opt/gz_cmake_vendor:/home/atwork/limo_3.0/install/limo_bringup:/home/atwork/limo_3.0/install/p9n_bringup:/home/atwork/limo_3.0/install/limo_cartographer:/opt/ros/jazzy DEBUGINFOD_URLS=https://debuginfod.ubuntu.com LD_LIBRARY_PATH=/home/atwork/limo_3.0/install/limo_msgs/lib:/home/atwork/limo_3.0/install/wiimote/lib:/home/atwork/limo_3.0/install/wiimote_msgs/lib:/home/atwork/limo_3.0/install/urg_node/lib:/home/atwork/limo_3.0/install/spacenav/lib:/home/atwork/limo_3.0/install/p9n_test/lib:/home/atwork/limo_3.0/install/p9n_node/lib:/home/atwork/limo_3.0/install/p9n_example/lib:/home/atwork/limo_3.0/install/joy/lib:/home/atwork/limo_3.0/install/p9n_interface/lib:/opt/ros/jazzy/opt/rviz_ogre_vendor/lib:/opt/ros/jazzy/lib/x86_64-linux-gnu:/opt/ros/jazzy/opt/gz_math_vendor/lib:/opt/ros/jazzy/opt/gz_utils_vendor/lib:/opt/ros/jazzy/opt/gz_cmake_vendor/lib:/opt/ros/jazzy/lib PYTHONPATH=/home/atwork/limo_3.0/install/limo_msgs/lib/python3.12/site-packages:/home/atwork/limo_3.0/install/wiimote_msgs/lib/python3.12/site-packages:/home/atwork/limo_3.0/install/limo_bringup/lib/python3.12/site-packages:/home/atwork/limo_3.0/install/p9n_bringup/lib/python3.12/site-packages:/home/atwork/limo_3.0/install/limo_cartographer/lib/python3.12/site-packages:/opt/ros/jazzy/lib/python3.12/site-packages /usr/bin/cmake --install /home/atwork/limo_3.0/build/limo_base
[1.837s] INFO:colcon.colcon_core.shell:Creating environment descriptor '/home/atwork/limo_3.0/install/limo_base/share/limo_base/hook/cmake_prefix_path.dsv'
[1.838s] INFO:colcon.colcon_core.shell:Creating environment hook '/home/atwork/limo_3.0/install/limo_base/share/limo_base/hook/cmake_prefix_path.sh'
[1.838s] Level 1:colcon.colcon_core.environment:checking '/home/atwork/limo_3.0/install/limo_base/lib'
[1.838s] Level 1:colcon.colcon_core.environment:checking '/home/atwork/limo_3.0/install/limo_base/bin'
[1.839s] Level 1:colcon.colcon_core.environment:checking '/home/atwork/limo_3.0/install/limo_base/lib/pkgconfig/limo_base.pc'
[1.839s] Level 1:colcon.colcon_core.environment:checking '/home/atwork/limo_3.0/install/limo_base/lib/python3.12/site-packages'
[1.839s] Level 1:colcon.colcon_core.environment:checking '/home/atwork/limo_3.0/install/limo_base/bin'
[1.840s] INFO:colcon.colcon_core.shell:Creating package script '/home/atwork/limo_3.0/install/limo_base/share/limo_base/package.ps1'
[1.840s] INFO:colcon.colcon_core.shell:Creating package descriptor '/home/atwork/limo_3.0/install/limo_base/share/limo_base/package.dsv'
[1.841s] INFO:colcon.colcon_core.shell:Creating package script '/home/atwork/limo_3.0/install/limo_base/share/limo_base/package.sh'
[1.841s] INFO:colcon.colcon_core.shell:Creating package script '/home/atwork/limo_3.0/install/limo_base/share/limo_base/package.bash'
[1.842s] INFO:colcon.colcon_core.shell:Creating package script '/home/atwork/limo_3.0/install/limo_base/share/limo_base/package.zsh'
[1.842s] Level 1:colcon.colcon_core.environment:create_file_with_runtime_dependencies(/home/atwork/limo_3.0/install/limo_base/share/colcon-core/packages/limo_base)
[1.843s] Level 1:colcon.colcon_core.environment:create_environment_scripts_only(limo_base)
[1.843s] Level 1:colcon.colcon_core.environment:checking '/home/atwork/limo_3.0/install/limo_base' for CMake module files
[1.844s] Level 1:colcon.colcon_core.environment:checking '/home/atwork/limo_3.0/install/limo_base' for CMake config files
[1.844s] Level 1:colcon.colcon_core.shell:create_environment_hook('limo_base', 'cmake_prefix_path')
[1.845s] INFO:colcon.colcon_core.shell:Creating environment hook '/home/atwork/limo_3.0/install/limo_base/share/limo_base/hook/cmake_prefix_path.ps1'
[1.845s] INFO:colcon.colcon_core.shell:Creating environment descriptor '/home/atwork/limo_3.0/install/limo_base/share/limo_base/hook/cmake_prefix_path.dsv'
[1.846s] INFO:colcon.colcon_core.shell:Creating environment hook '/home/atwork/limo_3.0/install/limo_base/share/limo_base/hook/cmake_prefix_path.sh'
[1.846s] Level 1:colcon.colcon_core.environment:checking '/home/atwork/limo_3.0/install/limo_base/lib'
[1.847s] Level 1:colcon.colcon_core.environment:checking '/home/atwork/limo_3.0/install/limo_base/bin'
[1.847s] Level 1:colcon.colcon_core.environment:checking '/home/atwork/limo_3.0/install/limo_base/lib/pkgconfig/limo_base.pc'
[1.847s] Level 1:colcon.colcon_core.environment:checking '/home/atwork/limo_3.0/install/limo_base/lib/python3.12/site-packages'
[1.848s] Level 1:colcon.colcon_core.environment:checking '/home/atwork/limo_3.0/install/limo_base/bin'
[1.848s] INFO:colcon.colcon_core.shell:Creating package script '/home/atwork/limo_3.0/install/limo_base/share/limo_base/package.ps1'
[1.849s] INFO:colcon.colcon_core.shell:Creating package descriptor '/home/atwork/limo_3.0/install/limo_base/share/limo_base/package.dsv'
[1.850s] INFO:colcon.colcon_core.shell:Creating package script '/home/atwork/limo_3.0/install/limo_base/share/limo_base/package.sh'
[1.850s] INFO:colcon.colcon_core.shell:Creating package script '/home/atwork/limo_3.0/install/limo_base/share/limo_base/package.bash'
[1.851s] INFO:colcon.colcon_core.shell:Creating package script '/home/atwork/limo_3.0/install/limo_base/share/limo_base/package.zsh'
[1.852s] Level 1:colcon.colcon_core.environment:create_file_with_runtime_dependencies(/home/atwork/limo_3.0/install/limo_base/share/colcon-core/packages/limo_base)
[1.856s] DEBUG:colcon.colcon_core.event_handler.log_command:Invoking command in '/home/atwork/limo_3.0/build/joy_linux': CMAKE_PREFIX_PATH=${CMAKE_PREFIX_PATH}:/home/atwork/limo_3.0/install/limo_bringup:/home/atwork/limo_3.0/install/p9n_bringup:/home/atwork/limo_3.0/install/limo_cartographer:/opt/ros/jazzy DEBUGINFOD_URLS=https://debuginfod.ubuntu.com /usr/bin/cmake --build /home/atwork/limo_3.0/build/joy_linux -- -j4 -l4
[1.856s] INFO:colcon.colcon_ros.task.ament_cmake.build:Building ROS package in '/home/atwork/limo_3.0/src/joystick_drivers/spacenav' with build type 'ament_cmake'
[1.856s] INFO:colcon.colcon_cmake.task.cmake.build:Building CMake package in '/home/atwork/limo_3.0/src/joystick_drivers/spacenav'
[1.856s] INFO:colcon.colcon_core.shell:Skip shell extension 'powershell' for command environment: Not usable outside of PowerShell
[1.856s] DEBUG:colcon.colcon_core.shell:Skip shell extension 'dsv' for command environment
[2.144s] INFO:colcon.colcon_core.task.python.build:Building Python package in '/home/atwork/limo_3.0/src/limo_cartographer'
[2.145s] INFO:colcon.colcon_core.shell:Skip shell extension 'powershell' for command environment: Not usable outside of PowerShell
[2.145s] DEBUG:colcon.colcon_core.shell:Skip shell extension 'dsv' for command environment
[2.152s] DEBUG:colcon.colcon_core.event_handler.log_command:Invoking command in '/home/atwork/limo_3.0/build/spacenav': CMAKE_PREFIX_PATH=${CMAKE_PREFIX_PATH}:/home/atwork/limo_3.0/install/limo_bringup:/home/atwork/limo_3.0/install/p9n_bringup:/home/atwork/limo_3.0/install/limo_cartographer:/opt/ros/jazzy DEBUGINFOD_URLS=https://debuginfod.ubuntu.com /usr/bin/cmake --build /home/atwork/limo_3.0/build/spacenav -- -j4 -l4
[2.153s] DEBUG:colcon.colcon_core.event_handler.log_command:Invoked command in '/home/atwork/limo_3.0/build/joy_linux' returned '0': CMAKE_PREFIX_PATH=${CMAKE_PREFIX_PATH}:/home/atwork/limo_3.0/install/limo_bringup:/home/atwork/limo_3.0/install/p9n_bringup:/home/atwork/limo_3.0/install/limo_cartographer:/opt/ros/jazzy DEBUGINFOD_URLS=https://debuginfod.ubuntu.com /usr/bin/cmake --build /home/atwork/limo_3.0/build/joy_linux -- -j4 -l4
[2.155s] DEBUG:colcon.colcon_core.event_handler.log_command:Invoking command in '/home/atwork/limo_3.0/build/joy_linux': CMAKE_PREFIX_PATH=${CMAKE_PREFIX_PATH}:/home/atwork/limo_3.0/install/limo_bringup:/home/atwork/limo_3.0/install/p9n_bringup:/home/atwork/limo_3.0/install/limo_cartographer:/opt/ros/jazzy DEBUGINFOD_URLS=https://debuginfod.ubuntu.com /usr/bin/cmake --install /home/atwork/limo_3.0/build/joy_linux
[2.174s] Level 1:colcon.colcon_core.environment:create_environment_scripts_only(joy_linux)
[2.175s] Level 1:colcon.colcon_core.environment:checking '/home/atwork/limo_3.0/install/joy_linux' for CMake module files
[2.177s] DEBUG:colcon.colcon_core.event_handler.log_command:Invoked command in '/home/atwork/limo_3.0/build/joy_linux' returned '0': CMAKE_PREFIX_PATH=${CMAKE_PREFIX_PATH}:/home/atwork/limo_3.0/install/limo_bringup:/home/atwork/limo_3.0/install/p9n_bringup:/home/atwork/limo_3.0/install/limo_cartographer:/opt/ros/jazzy DEBUGINFOD_URLS=https://debuginfod.ubuntu.com /usr/bin/cmake --install /home/atwork/limo_3.0/build/joy_linux
[2.178s] Level 1:colcon.colcon_core.environment:checking '/home/atwork/limo_3.0/install/joy_linux' for CMake config files
[2.178s] Level 1:colcon.colcon_core.shell:create_environment_hook('joy_linux', 'cmake_prefix_path')
[2.179s] INFO:colcon.colcon_core.shell:Creating environment hook '/home/atwork/limo_3.0/install/joy_linux/share/joy_linux/hook/cmake_prefix_path.ps1'
[2.179s] INFO:colcon.colcon_core.shell:Creating environment descriptor '/home/atwork/limo_3.0/install/joy_linux/share/joy_linux/hook/cmake_prefix_path.dsv'
[2.182s] INFO:colcon.colcon_core.shell:Creating environment hook '/home/atwork/limo_3.0/install/joy_linux/share/joy_linux/hook/cmake_prefix_path.sh'
[2.183s] Level 1:colcon.colcon_core.environment:checking '/home/atwork/limo_3.0/install/joy_linux/lib'
[2.183s] Level 1:colcon.colcon_core.environment:checking '/home/atwork/limo_3.0/install/joy_linux/bin'
[2.183s] Level 1:colcon.colcon_core.environment:checking '/home/atwork/limo_3.0/install/joy_linux/lib/pkgconfig/joy_linux.pc'
[2.184s] Level 1:colcon.colcon_core.environment:checking '/home/atwork/limo_3.0/install/joy_linux/lib/python3.12/site-packages'
[2.184s] Level 1:colcon.colcon_core.environment:checking '/home/atwork/limo_3.0/install/joy_linux/bin'
[2.185s] INFO:colcon.colcon_core.shell:Creating package script '/home/atwork/limo_3.0/install/joy_linux/share/joy_linux/package.ps1'
[2.187s] INFO:colcon.colcon_core.shell:Creating package descriptor '/home/atwork/limo_3.0/install/joy_linux/share/joy_linux/package.dsv'
[2.188s] INFO:colcon.colcon_core.shell:Creating package script '/home/atwork/limo_3.0/install/joy_linux/share/joy_linux/package.sh'
[2.189s] INFO:colcon.colcon_core.shell:Creating package script '/home/atwork/limo_3.0/install/joy_linux/share/joy_linux/package.bash'
[2.190s] INFO:colcon.colcon_core.shell:Creating package script '/home/atwork/limo_3.0/install/joy_linux/share/joy_linux/package.zsh'
[2.191s] Level 1:colcon.colcon_core.environment:create_file_with_runtime_dependencies(/home/atwork/limo_3.0/install/joy_linux/share/colcon-core/packages/joy_linux)
[2.192s] Level 1:colcon.colcon_core.environment:create_environment_scripts_only(joy_linux)
[2.193s] Level 1:colcon.colcon_core.environment:checking '/home/atwork/limo_3.0/install/joy_linux' for CMake module files
[2.194s] Level 1:colcon.colcon_core.environment:checking '/home/atwork/limo_3.0/install/joy_linux' for CMake config files
[2.194s] Level 1:colcon.colcon_core.shell:create_environment_hook('joy_linux', 'cmake_prefix_path')
[2.195s] INFO:colcon.colcon_core.shell:Creating environment hook '/home/atwork/limo_3.0/install/joy_linux/share/joy_linux/hook/cmake_prefix_path.ps1'
[2.196s] INFO:colcon.colcon_core.shell:Creating environment descriptor '/home/atwork/limo_3.0/install/joy_linux/share/joy_linux/hook/cmake_prefix_path.dsv'
[2.197s] INFO:colcon.colcon_core.shell:Creating environment hook '/home/atwork/limo_3.0/install/joy_linux/share/joy_linux/hook/cmake_prefix_path.sh'
[2.198s] Level 1:colcon.colcon_core.environment:checking '/home/atwork/limo_3.0/install/joy_linux/lib'
[2.198s] Level 1:colcon.colcon_core.environment:checking '/home/atwork/limo_3.0/install/joy_linux/bin'
[2.198s] Level 1:colcon.colcon_core.environment:checking '/home/atwork/limo_3.0/install/joy_linux/lib/pkgconfig/joy_linux.pc'
[2.199s] Level 1:colcon.colcon_core.environment:checking '/home/atwork/limo_3.0/install/joy_linux/lib/python3.12/site-packages'
[2.200s] Level 1:colcon.colcon_core.environment:checking '/home/atwork/limo_3.0/install/joy_linux/bin'
[2.200s] INFO:colcon.colcon_core.shell:Creating package script '/home/atwork/limo_3.0/install/joy_linux/share/joy_linux/package.ps1'
[2.201s] INFO:colcon.colcon_core.shell:Creating package descriptor '/home/atwork/limo_3.0/install/joy_linux/share/joy_linux/package.dsv'
[2.202s] INFO:colcon.colcon_core.shell:Creating package script '/home/atwork/limo_3.0/install/joy_linux/share/joy_linux/package.sh'
[2.204s] INFO:colcon.colcon_core.shell:Creating package script '/home/atwork/limo_3.0/install/joy_linux/share/joy_linux/package.bash'
[2.204s] INFO:colcon.colcon_core.shell:Creating package script '/home/atwork/limo_3.0/install/joy_linux/share/joy_linux/package.zsh'
[2.205s] Level 1:colcon.colcon_core.environment:create_file_with_runtime_dependencies(/home/atwork/limo_3.0/install/joy_linux/share/colcon-core/packages/joy_linux)
[2.207s] INFO:colcon.colcon_ros.task.ament_cmake.build:Building ROS package in '/home/atwork/limo_3.0/src/joystick_drivers/wiimote' with build type 'ament_cmake'
[2.207s] INFO:colcon.colcon_cmake.task.cmake.build:Building CMake package in '/home/atwork/limo_3.0/src/joystick_drivers/wiimote'
[2.207s] INFO:colcon.colcon_core.shell:Skip shell extension 'powershell' for command environment: Not usable outside of PowerShell
[2.208s] DEBUG:colcon.colcon_core.shell:Skip shell extension 'dsv' for command environment
[2.228s] DEBUG:colcon.colcon_core.event_handler.log_command:Invoking command in '/home/atwork/limo_3.0/build/wiimote': CMAKE_PREFIX_PATH=/home/atwork/limo_3.0/install/wiimote_msgs:/home/atwork/limo_3.0/install/wiimote:/home/atwork/limo_3.0/install/urg_node:/home/atwork/limo_3.0/install/spacenav:/home/atwork/limo_3.0/install/p9n:/home/atwork/limo_3.0/install/p9n_test:/home/atwork/limo_3.0/install/p9n_node:/home/atwork/limo_3.0/install/p9n_example:/home/atwork/limo_3.0/install/joy:/home/atwork/limo_3.0/install/sdl2_vendor:/home/atwork/limo_3.0/install/p9n_interface:/home/atwork/limo_3.0/install/limo_base:/home/atwork/limo_3.0/install/limo_msgs:/home/atwork/limo_3.0/install/limo_description:/home/atwork/limo_3.0/install/joy_linux:/opt/ros/jazzy/opt/gz_math_vendor:/opt/ros/jazzy/opt/gz_utils_vendor:/opt/ros/jazzy/opt/gz_cmake_vendor:/home/atwork/limo_3.0/install/limo_bringup:/home/atwork/limo_3.0/install/p9n_bringup:/home/atwork/limo_3.0/install/limo_cartographer:/opt/ros/jazzy DEBUGINFOD_URLS=https://debuginfod.ubuntu.com LD_LIBRARY_PATH=/home/atwork/limo_3.0/install/wiimote_msgs/lib:/home/atwork/limo_3.0/install/wiimote/lib:/home/atwork/limo_3.0/install/urg_node/lib:/home/atwork/limo_3.0/install/spacenav/lib:/home/atwork/limo_3.0/install/p9n_test/lib:/home/atwork/limo_3.0/install/p9n_node/lib:/home/atwork/limo_3.0/install/p9n_example/lib:/home/atwork/limo_3.0/install/joy/lib:/home/atwork/limo_3.0/install/p9n_interface/lib:/home/atwork/limo_3.0/install/limo_msgs/lib:/opt/ros/jazzy/opt/rviz_ogre_vendor/lib:/opt/ros/jazzy/lib/x86_64-linux-gnu:/opt/ros/jazzy/opt/gz_math_vendor/lib:/opt/ros/jazzy/opt/gz_utils_vendor/lib:/opt/ros/jazzy/opt/gz_cmake_vendor/lib:/opt/ros/jazzy/lib /usr/bin/cmake --build /home/atwork/limo_3.0/build/wiimote -- -j4 -l4
[2.286s] DEBUG:colcon.colcon_core.event_handler.log_command:Invoked command in '/home/atwork/limo_3.0/build/spacenav' returned '0': CMAKE_PREFIX_PATH=${CMAKE_PREFIX_PATH}:/home/atwork/limo_3.0/install/limo_bringup:/home/atwork/limo_3.0/install/p9n_bringup:/home/atwork/limo_3.0/install/limo_cartographer:/opt/ros/jazzy DEBUGINFOD_URLS=https://debuginfod.ubuntu.com /usr/bin/cmake --build /home/atwork/limo_3.0/build/spacenav -- -j4 -l4
[2.287s] DEBUG:colcon.colcon_core.event_handler.log_command:Invoking command in '/home/atwork/limo_3.0/build/spacenav': CMAKE_PREFIX_PATH=${CMAKE_PREFIX_PATH}:/home/atwork/limo_3.0/install/limo_bringup:/home/atwork/limo_3.0/install/p9n_bringup:/home/atwork/limo_3.0/install/limo_cartographer:/opt/ros/jazzy DEBUGINFOD_URLS=https://debuginfod.ubuntu.com /usr/bin/cmake --install /home/atwork/limo_3.0/build/spacenav
[2.333s] Level 1:colcon.colcon_core.environment:create_environment_scripts_only(spacenav)
[2.333s] Level 1:colcon.colcon_core.environment:checking '/home/atwork/limo_3.0/install/spacenav' for CMake module files
[2.334s] Level 1:colcon.colcon_core.environment:checking '/home/atwork/limo_3.0/install/spacenav' for CMake config files
[2.334s] Level 1:colcon.colcon_core.shell:create_environment_hook('spacenav', 'cmake_prefix_path')
[2.335s] INFO:colcon.colcon_core.shell:Creating environment hook '/home/atwork/limo_3.0/install/spacenav/share/spacenav/hook/cmake_prefix_path.ps1'
[2.335s] DEBUG:colcon.colcon_core.event_handler.log_command:Invoked command in '/home/atwork/limo_3.0/build/spacenav' returned '0': CMAKE_PREFIX_PATH=${CMAKE_PREFIX_PATH}:/home/atwork/limo_3.0/install/limo_bringup:/home/atwork/limo_3.0/install/p9n_bringup:/home/atwork/limo_3.0/install/limo_cartographer:/opt/ros/jazzy DEBUGINFOD_URLS=https://debuginfod.ubuntu.com /usr/bin/cmake --install /home/atwork/limo_3.0/build/spacenav
[2.336s] INFO:colcon.colcon_core.shell:Creating environment descriptor '/home/atwork/limo_3.0/install/spacenav/share/spacenav/hook/cmake_prefix_path.dsv'
[2.336s] INFO:colcon.colcon_core.shell:Creating environment hook '/home/atwork/limo_3.0/install/spacenav/share/spacenav/hook/cmake_prefix_path.sh'
[2.337s] Level 1:colcon.colcon_core.environment:checking '/home/atwork/limo_3.0/install/spacenav/lib'
[2.337s] Level 1:colcon.colcon_core.shell:create_environment_hook('spacenav', 'ld_library_path_lib')
[2.337s] INFO:colcon.colcon_core.shell:Creating environment hook '/home/atwork/limo_3.0/install/spacenav/share/spacenav/hook/ld_library_path_lib.ps1'
[2.343s] INFO:colcon.colcon_core.shell:Creating environment descriptor '/home/atwork/limo_3.0/install/spacenav/share/spacenav/hook/ld_library_path_lib.dsv'
[2.344s] INFO:colcon.colcon_core.shell:Creating environment hook '/home/atwork/limo_3.0/install/spacenav/share/spacenav/hook/ld_library_path_lib.sh'
[2.347s] Level 1:colcon.colcon_core.environment:checking '/home/atwork/limo_3.0/install/spacenav/bin'
[2.347s] Level 1:colcon.colcon_core.environment:checking '/home/atwork/limo_3.0/install/spacenav/lib/pkgconfig/spacenav.pc'
[2.347s] Level 1:colcon.colcon_core.environment:checking '/home/atwork/limo_3.0/install/spacenav/lib/python3.12/site-packages'
[2.348s] Level 1:colcon.colcon_core.environment:checking '/home/atwork/limo_3.0/install/spacenav/bin'
[2.348s] INFO:colcon.colcon_core.shell:Creating package script '/home/atwork/limo_3.0/install/spacenav/share/spacenav/package.ps1'
[2.349s] INFO:colcon.colcon_core.shell:Creating package descriptor '/home/atwork/limo_3.0/install/spacenav/share/spacenav/package.dsv'
[2.355s] INFO:colcon.colcon_core.shell:Creating package script '/home/atwork/limo_3.0/install/spacenav/share/spacenav/package.sh'
[2.356s] INFO:colcon.colcon_core.shell:Creating package script '/home/atwork/limo_3.0/install/spacenav/share/spacenav/package.bash'
[2.356s] INFO:colcon.colcon_core.shell:Creating package script '/home/atwork/limo_3.0/install/spacenav/share/spacenav/package.zsh'
[2.358s] Level 1:colcon.colcon_core.environment:create_file_with_runtime_dependencies(/home/atwork/limo_3.0/install/spacenav/share/colcon-core/packages/spacenav)
[2.365s] Level 1:colcon.colcon_core.environment:create_environment_scripts_only(spacenav)
[2.365s] Level 1:colcon.colcon_core.environment:checking '/home/atwork/limo_3.0/install/spacenav' for CMake module files
[2.366s] Level 1:colcon.colcon_core.environment:checking '/home/atwork/limo_3.0/install/spacenav' for CMake config files
[2.366s] Level 1:colcon.colcon_core.shell:create_environment_hook('spacenav', 'cmake_prefix_path')
[2.367s] INFO:colcon.colcon_core.shell:Creating environment hook '/home/atwork/limo_3.0/install/spacenav/share/spacenav/hook/cmake_prefix_path.ps1'
[2.369s] INFO:colcon.colcon_core.shell:Creating environment descriptor '/home/atwork/limo_3.0/install/spacenav/share/spacenav/hook/cmake_prefix_path.dsv'
[2.370s] INFO:colcon.colcon_core.shell:Creating environment hook '/home/atwork/limo_3.0/install/spacenav/share/spacenav/hook/cmake_prefix_path.sh'
[2.370s] Level 1:colcon.colcon_core.environment:checking '/home/atwork/limo_3.0/install/spacenav/lib'
[2.371s] Level 1:colcon.colcon_core.shell:create_environment_hook('spacenav', 'ld_library_path_lib')
[2.371s] INFO:colcon.colcon_core.shell:Creating environment hook '/home/atwork/limo_3.0/install/spacenav/share/spacenav/hook/ld_library_path_lib.ps1'
[2.371s] INFO:colcon.colcon_core.shell:Creating environment descriptor '/home/atwork/limo_3.0/install/spacenav/share/spacenav/hook/ld_library_path_lib.dsv'
[2.372s] INFO:colcon.colcon_core.shell:Creating environment hook '/home/atwork/limo_3.0/install/spacenav/share/spacenav/hook/ld_library_path_lib.sh'
[2.372s] Level 1:colcon.colcon_core.environment:checking '/home/atwork/limo_3.0/install/spacenav/bin'
[2.373s] Level 1:colcon.colcon_core.environment:checking '/home/atwork/limo_3.0/install/spacenav/lib/pkgconfig/spacenav.pc'
[2.373s] Level 1:colcon.colcon_core.environment:checking '/home/atwork/limo_3.0/install/spacenav/lib/python3.12/site-packages'
[2.374s] Level 1:colcon.colcon_core.environment:checking '/home/atwork/limo_3.0/install/spacenav/bin'
[2.374s] INFO:colcon.colcon_core.shell:Creating package script '/home/atwork/limo_3.0/install/spacenav/share/spacenav/package.ps1'
[2.375s] INFO:colcon.colcon_core.shell:Creating package descriptor '/home/atwork/limo_3.0/install/spacenav/share/spacenav/package.dsv'
[2.376s] INFO:colcon.colcon_core.shell:Creating package script '/home/atwork/limo_3.0/install/spacenav/share/spacenav/package.sh'
[2.376s] INFO:colcon.colcon_core.shell:Creating package script '/home/atwork/limo_3.0/install/spacenav/share/spacenav/package.bash'
[2.377s] INFO:colcon.colcon_core.shell:Creating package script '/home/atwork/limo_3.0/install/spacenav/share/spacenav/package.zsh'
[2.377s] Level 1:colcon.colcon_core.environment:create_file_with_runtime_dependencies(/home/atwork/limo_3.0/install/spacenav/share/colcon-core/packages/spacenav)
[2.378s] INFO:colcon.colcon_ros.task.ament_python.build:Building ROS package in '/home/atwork/limo_3.0/src/limo_ros2/limo_bringup' with build type 'ament_python'
[2.379s] Level 1:colcon.colcon_core.shell:create_environment_hook('limo_bringup', 'ament_prefix_path')
[2.379s] INFO:colcon.colcon_core.shell:Creating environment hook '/home/atwork/limo_3.0/install/limo_bringup/share/limo_bringup/hook/ament_prefix_path.ps1'
[2.380s] INFO:colcon.colcon_core.shell:Creating environment descriptor '/home/atwork/limo_3.0/install/limo_bringup/share/limo_bringup/hook/ament_prefix_path.dsv'
[2.380s] INFO:colcon.colcon_core.shell:Creating environment hook '/home/atwork/limo_3.0/install/limo_bringup/share/limo_bringup/hook/ament_prefix_path.sh'
[2.382s] INFO:colcon.colcon_core.shell:Skip shell extension 'powershell' for command environment: Not usable outside of PowerShell
[2.382s] DEBUG:colcon.colcon_core.shell:Skip shell extension 'dsv' for command environment
[2.393s] DEBUG:colcon.colcon_core.event_handler.log_command:Invoked command in '/home/atwork/limo_3.0/build/wiimote' returned '0': CMAKE_PREFIX_PATH=/home/atwork/limo_3.0/install/wiimote_msgs:/home/atwork/limo_3.0/install/wiimote:/home/atwork/limo_3.0/install/urg_node:/home/atwork/limo_3.0/install/spacenav:/home/atwork/limo_3.0/install/p9n:/home/atwork/limo_3.0/install/p9n_test:/home/atwork/limo_3.0/install/p9n_node:/home/atwork/limo_3.0/install/p9n_example:/home/atwork/limo_3.0/install/joy:/home/atwork/limo_3.0/install/sdl2_vendor:/home/atwork/limo_3.0/install/p9n_interface:/home/atwork/limo_3.0/install/limo_base:/home/atwork/limo_3.0/install/limo_msgs:/home/atwork/limo_3.0/install/limo_description:/home/atwork/limo_3.0/install/joy_linux:/opt/ros/jazzy/opt/gz_math_vendor:/opt/ros/jazzy/opt/gz_utils_vendor:/opt/ros/jazzy/opt/gz_cmake_vendor:/home/atwork/limo_3.0/install/limo_bringup:/home/atwork/limo_3.0/install/p9n_bringup:/home/atwork/limo_3.0/install/limo_cartographer:/opt/ros/jazzy DEBUGINFOD_URLS=https://debuginfod.ubuntu.com LD_LIBRARY_PATH=/home/atwork/limo_3.0/install/wiimote_msgs/lib:/home/atwork/limo_3.0/install/wiimote/lib:/home/atwork/limo_3.0/install/urg_node/lib:/home/atwork/limo_3.0/install/spacenav/lib:/home/atwork/limo_3.0/install/p9n_test/lib:/home/atwork/limo_3.0/install/p9n_node/lib:/home/atwork/limo_3.0/install/p9n_example/lib:/home/atwork/limo_3.0/install/joy/lib:/home/atwork/limo_3.0/install/p9n_interface/lib:/home/atwork/limo_3.0/install/limo_msgs/lib:/opt/ros/jazzy/opt/rviz_ogre_vendor/lib:/opt/ros/jazzy/lib/x86_64-linux-gnu:/opt/ros/jazzy/opt/gz_math_vendor/lib:/opt/ros/jazzy/opt/gz_utils_vendor/lib:/opt/ros/jazzy/opt/gz_cmake_vendor/lib:/opt/ros/jazzy/lib /usr/bin/cmake --build /home/atwork/limo_3.0/build/wiimote -- -j4 -l4
[2.395s] DEBUG:colcon.colcon_core.event_handler.log_command:Invoking command in '/home/atwork/limo_3.0/build/wiimote': CMAKE_PREFIX_PATH=/home/atwork/limo_3.0/install/wiimote_msgs:/home/atwork/limo_3.0/install/wiimote:/home/atwork/limo_3.0/install/urg_node:/home/atwork/limo_3.0/install/spacenav:/home/atwork/limo_3.0/install/p9n:/home/atwork/limo_3.0/install/p9n_test:/home/atwork/limo_3.0/install/p9n_node:/home/atwork/limo_3.0/install/p9n_example:/home/atwork/limo_3.0/install/joy:/home/atwork/limo_3.0/install/sdl2_vendor:/home/atwork/limo_3.0/install/p9n_interface:/home/atwork/limo_3.0/install/limo_base:/home/atwork/limo_3.0/install/limo_msgs:/home/atwork/limo_3.0/install/limo_description:/home/atwork/limo_3.0/install/joy_linux:/opt/ros/jazzy/opt/gz_math_vendor:/opt/ros/jazzy/opt/gz_utils_vendor:/opt/ros/jazzy/opt/gz_cmake_vendor:/home/atwork/limo_3.0/install/limo_bringup:/home/atwork/limo_3.0/install/p9n_bringup:/home/atwork/limo_3.0/install/limo_cartographer:/opt/ros/jazzy DEBUGINFOD_URLS=https://debuginfod.ubuntu.com LD_LIBRARY_PATH=/home/atwork/limo_3.0/install/wiimote_msgs/lib:/home/atwork/limo_3.0/install/wiimote/lib:/home/atwork/limo_3.0/install/urg_node/lib:/home/atwork/limo_3.0/install/spacenav/lib:/home/atwork/limo_3.0/install/p9n_test/lib:/home/atwork/limo_3.0/install/p9n_node/lib:/home/atwork/limo_3.0/install/p9n_example/lib:/home/atwork/limo_3.0/install/joy/lib:/home/atwork/limo_3.0/install/p9n_interface/lib:/home/atwork/limo_3.0/install/limo_msgs/lib:/opt/ros/jazzy/opt/rviz_ogre_vendor/lib:/opt/ros/jazzy/lib/x86_64-linux-gnu:/opt/ros/jazzy/opt/gz_math_vendor/lib:/opt/ros/jazzy/opt/gz_utils_vendor/lib:/opt/ros/jazzy/opt/gz_cmake_vendor/lib:/opt/ros/jazzy/lib /usr/bin/cmake --install /home/atwork/limo_3.0/build/wiimote
[2.663s] INFO:colcon.colcon_core.task.python.build:Building Python package in '/home/atwork/limo_3.0/src/limo_ros2/limo_bringup'
[2.663s] INFO:colcon.colcon_core.shell:Skip shell extension 'powershell' for command environment: Not usable outside of PowerShell
[2.663s] DEBUG:colcon.colcon_core.shell:Skip shell extension 'dsv' for command environment
[2.669s] Level 1:colcon.colcon_core.environment:create_environment_scripts_only(wiimote)
[2.669s] Level 1:colcon.colcon_core.environment:checking '/home/atwork/limo_3.0/install/wiimote' for CMake module files
[2.670s] Level 1:colcon.colcon_core.environment:checking '/home/atwork/limo_3.0/install/wiimote' for CMake config files
[2.670s] Level 1:colcon.colcon_core.shell:create_environment_hook('wiimote', 'cmake_prefix_path')
[2.671s] INFO:colcon.colcon_core.shell:Creating environment hook '/home/atwork/limo_3.0/install/wiimote/share/wiimote/hook/cmake_prefix_path.ps1'
[2.672s] DEBUG:colcon.colcon_core.event_handler.log_command:Invoked command in '/home/atwork/limo_3.0/build/wiimote' returned '0': CMAKE_PREFIX_PATH=/home/atwork/limo_3.0/install/wiimote_msgs:/home/atwork/limo_3.0/install/wiimote:/home/atwork/limo_3.0/install/urg_node:/home/atwork/limo_3.0/install/spacenav:/home/atwork/limo_3.0/install/p9n:/home/atwork/limo_3.0/install/p9n_test:/home/atwork/limo_3.0/install/p9n_node:/home/atwork/limo_3.0/install/p9n_example:/home/atwork/limo_3.0/install/joy:/home/atwork/limo_3.0/install/sdl2_vendor:/home/atwork/limo_3.0/install/p9n_interface:/home/atwork/limo_3.0/install/limo_base:/home/atwork/limo_3.0/install/limo_msgs:/home/atwork/limo_3.0/install/limo_description:/home/atwork/limo_3.0/install/joy_linux:/opt/ros/jazzy/opt/gz_math_vendor:/opt/ros/jazzy/opt/gz_utils_vendor:/opt/ros/jazzy/opt/gz_cmake_vendor:/home/atwork/limo_3.0/install/limo_bringup:/home/atwork/limo_3.0/install/p9n_bringup:/home/atwork/limo_3.0/install/limo_cartographer:/opt/ros/jazzy DEBUGINFOD_URLS=https://debuginfod.ubuntu.com LD_LIBRARY_PATH=/home/atwork/limo_3.0/install/wiimote_msgs/lib:/home/atwork/limo_3.0/install/wiimote/lib:/home/atwork/limo_3.0/install/urg_node/lib:/home/atwork/limo_3.0/install/spacenav/lib:/home/atwork/limo_3.0/install/p9n_test/lib:/home/atwork/limo_3.0/install/p9n_node/lib:/home/atwork/limo_3.0/install/p9n_example/lib:/home/atwork/limo_3.0/install/joy/lib:/home/atwork/limo_3.0/install/p9n_interface/lib:/home/atwork/limo_3.0/install/limo_msgs/lib:/opt/ros/jazzy/opt/rviz_ogre_vendor/lib:/opt/ros/jazzy/lib/x86_64-linux-gnu:/opt/ros/jazzy/opt/gz_math_vendor/lib:/opt/ros/jazzy/opt/gz_utils_vendor/lib:/opt/ros/jazzy/opt/gz_cmake_vendor/lib:/opt/ros/jazzy/lib /usr/bin/cmake --install /home/atwork/limo_3.0/build/wiimote
[2.673s] INFO:colcon.colcon_core.shell:Creating environment descriptor '/home/atwork/limo_3.0/install/wiimote/share/wiimote/hook/cmake_prefix_path.dsv'
[2.674s] INFO:colcon.colcon_core.shell:Creating environment hook '/home/atwork/limo_3.0/install/wiimote/share/wiimote/hook/cmake_prefix_path.sh'
[2.675s] Level 1:colcon.colcon_core.environment:checking '/home/atwork/limo_3.0/install/wiimote/lib'
[2.675s] Level 1:colcon.colcon_core.shell:create_environment_hook('wiimote', 'ld_library_path_lib')
[2.676s] INFO:colcon.colcon_core.shell:Creating environment hook '/home/atwork/limo_3.0/install/wiimote/share/wiimote/hook/ld_library_path_lib.ps1'
[2.677s] INFO:colcon.colcon_core.shell:Creating environment descriptor '/home/atwork/limo_3.0/install/wiimote/share/wiimote/hook/ld_library_path_lib.dsv'
[2.678s] INFO:colcon.colcon_core.shell:Creating environment hook '/home/atwork/limo_3.0/install/wiimote/share/wiimote/hook/ld_library_path_lib.sh'
[2.678s] Level 1:colcon.colcon_core.environment:checking '/home/atwork/limo_3.0/install/wiimote/bin'
[2.678s] Level 1:colcon.colcon_core.environment:checking '/home/atwork/limo_3.0/install/wiimote/lib/pkgconfig/wiimote.pc'
[2.679s] Level 1:colcon.colcon_core.environment:checking '/home/atwork/limo_3.0/install/wiimote/lib/python3.12/site-packages'
[2.679s] Level 1:colcon.colcon_core.environment:checking '/home/atwork/limo_3.0/install/wiimote/bin'
[2.679s] INFO:colcon.colcon_core.shell:Creating package script '/home/atwork/limo_3.0/install/wiimote/share/wiimote/package.ps1'
[2.680s] INFO:colcon.colcon_core.shell:Creating package descriptor '/home/atwork/limo_3.0/install/wiimote/share/wiimote/package.dsv'
[2.681s] INFO:colcon.colcon_core.shell:Creating package script '/home/atwork/limo_3.0/install/wiimote/share/wiimote/package.sh'
[2.681s] INFO:colcon.colcon_core.shell:Creating package script '/home/atwork/limo_3.0/install/wiimote/share/wiimote/package.bash'
[2.682s] INFO:colcon.colcon_core.shell:Creating package script '/home/atwork/limo_3.0/install/wiimote/share/wiimote/package.zsh'
[2.682s] Level 1:colcon.colcon_core.environment:create_file_with_runtime_dependencies(/home/atwork/limo_3.0/install/wiimote/share/colcon-core/packages/wiimote)
[2.683s] Level 1:colcon.colcon_core.environment:create_environment_scripts_only(wiimote)
[2.683s] Level 1:colcon.colcon_core.environment:checking '/home/atwork/limo_3.0/install/wiimote' for CMake module files
[2.683s] Level 1:colcon.colcon_core.environment:checking '/home/atwork/limo_3.0/install/wiimote' for CMake config files
[2.684s] Level 1:colcon.colcon_core.shell:create_environment_hook('wiimote', 'cmake_prefix_path')
[2.684s] INFO:colcon.colcon_core.shell:Creating environment hook '/home/atwork/limo_3.0/install/wiimote/share/wiimote/hook/cmake_prefix_path.ps1'
[2.685s] INFO:colcon.colcon_core.shell:Creating environment descriptor '/home/atwork/limo_3.0/install/wiimote/share/wiimote/hook/cmake_prefix_path.dsv'
[2.685s] INFO:colcon.colcon_core.shell:Creating environment hook '/home/atwork/limo_3.0/install/wiimote/share/wiimote/hook/cmake_prefix_path.sh'
[2.686s] Level 1:colcon.colcon_core.environment:checking '/home/atwork/limo_3.0/install/wiimote/lib'
[2.686s] Level 1:colcon.colcon_core.shell:create_environment_hook('wiimote', 'ld_library_path_lib')
[2.686s] INFO:colcon.colcon_core.shell:Creating environment hook '/home/atwork/limo_3.0/install/wiimote/share/wiimote/hook/ld_library_path_lib.ps1'
[2.687s] INFO:colcon.colcon_core.shell:Creating environment descriptor '/home/atwork/limo_3.0/install/wiimote/share/wiimote/hook/ld_library_path_lib.dsv'
[2.687s] INFO:colcon.colcon_core.shell:Creating environment hook '/home/atwork/limo_3.0/install/wiimote/share/wiimote/hook/ld_library_path_lib.sh'
[2.687s] Level 1:colcon.colcon_core.environment:checking '/home/atwork/limo_3.0/install/wiimote/bin'
[2.688s] Level 1:colcon.colcon_core.environment:checking '/home/atwork/limo_3.0/install/wiimote/lib/pkgconfig/wiimote.pc'
[2.688s] Level 1:colcon.colcon_core.environment:checking '/home/atwork/limo_3.0/install/wiimote/lib/python3.12/site-packages'
[2.688s] Level 1:colcon.colcon_core.environment:checking '/home/atwork/limo_3.0/install/wiimote/bin'
[2.689s] INFO:colcon.colcon_core.shell:Creating package script '/home/atwork/limo_3.0/install/wiimote/share/wiimote/package.ps1'
[2.689s] INFO:colcon.colcon_core.shell:Creating package descriptor '/home/atwork/limo_3.0/install/wiimote/share/wiimote/package.dsv'
[2.690s] INFO:colcon.colcon_core.shell:Creating package script '/home/atwork/limo_3.0/install/wiimote/share/wiimote/package.sh'
[2.691s] INFO:colcon.colcon_core.shell:Creating package script '/home/atwork/limo_3.0/install/wiimote/share/wiimote/package.bash'
[2.691s] INFO:colcon.colcon_core.shell:Creating package script '/home/atwork/limo_3.0/install/wiimote/share/wiimote/package.zsh'
[2.692s] Level 1:colcon.colcon_core.environment:create_file_with_runtime_dependencies(/home/atwork/limo_3.0/install/wiimote/share/colcon-core/packages/wiimote)
[2.721s] DEBUG:colcon.colcon_core.event_handler.log_command:Invoking command in '/home/atwork/limo_3.0/src/PlayStation-JoyInterface-ROS2/p9n_bringup': CMAKE_PREFIX_PATH=/home/atwork/limo_3.0/install/p9n_node:/home/atwork/limo_3.0/install/joy:/home/atwork/limo_3.0/install/sdl2_vendor:/home/atwork/limo_3.0/install/p9n_interface:/home/atwork/limo_3.0/install/wiimote:/home/atwork/limo_3.0/install/wiimote_msgs:/home/atwork/limo_3.0/install/urg_node:/home/atwork/limo_3.0/install/spacenav:/home/atwork/limo_3.0/install/p9n:/home/atwork/limo_3.0/install/p9n_test:/home/atwork/limo_3.0/install/p9n_example:/home/atwork/limo_3.0/install/limo_base:/home/atwork/limo_3.0/install/limo_msgs:/home/atwork/limo_3.0/install/limo_description:/home/atwork/limo_3.0/install/joy_linux:/opt/ros/jazzy/opt/gz_math_vendor:/opt/ros/jazzy/opt/gz_utils_vendor:/opt/ros/jazzy/opt/gz_cmake_vendor DEBUGINFOD_URLS=https://debuginfod.ubuntu.com LD_LIBRARY_PATH=/home/atwork/limo_3.0/install/p9n_node/lib:/home/atwork/limo_3.0/install/joy/lib:/home/atwork/limo_3.0/install/wiimote/lib:/home/atwork/limo_3.0/install/wiimote_msgs/lib:/home/atwork/limo_3.0/install/urg_node/lib:/home/atwork/limo_3.0/install/spacenav/lib:/home/atwork/limo_3.0/install/p9n_test/lib:/home/atwork/limo_3.0/install/p9n_example/lib:/home/atwork/limo_3.0/install/p9n_interface/lib:/home/atwork/limo_3.0/install/limo_msgs/lib:/opt/ros/jazzy/opt/rviz_ogre_vendor/lib:/opt/ros/jazzy/lib/x86_64-linux-gnu:/opt/ros/jazzy/opt/gz_math_vendor/lib:/opt/ros/jazzy/opt/gz_utils_vendor/lib:/opt/ros/jazzy/opt/gz_cmake_vendor/lib:/opt/ros/jazzy/lib PYTHONPATH=/home/atwork/limo_3.0/build/p9n_bringup/prefix_override:/usr/lib/python3/dist-packages/colcon_core/task/python/colcon_distutils_commands:/home/atwork/limo_3.0/install/p9n_bringup/lib/python3.12/site-packages:${PYTHONPATH} /usr/bin/python3 -W ignore:setup.py install is deprecated -W ignore:easy_install command is deprecated setup.py egg_info --egg-base ../../../build/p9n_bringup build --build-base /home/atwork/limo_3.0/build/p9n_bringup/build install --record /home/atwork/limo_3.0/build/p9n_bringup/install.log --single-version-externally-managed install_data
[3.192s] DEBUG:colcon.colcon_core.event_handler.log_command:Invoking command in '/home/atwork/limo_3.0/src/limo_cartographer': DEBUGINFOD_URLS=https://debuginfod.ubuntu.com PYTHONPATH=/home/atwork/limo_3.0/build/limo_cartographer/prefix_override:/usr/lib/python3/dist-packages/colcon_core/task/python/colcon_distutils_commands:/home/atwork/limo_3.0/install/limo_cartographer/lib/python3.12/site-packages:${PYTHONPATH} /usr/bin/python3 -W ignore:setup.py install is deprecated -W ignore:easy_install command is deprecated setup.py egg_info --egg-base ../../build/limo_cartographer build --build-base /home/atwork/limo_3.0/build/limo_cartographer/build install --record /home/atwork/limo_3.0/build/limo_cartographer/install.log --single-version-externally-managed install_data
[3.394s] DEBUG:colcon.colcon_core.event_handler.log_command:Invoking command in '/home/atwork/limo_3.0/src/limo_ros2/limo_bringup': CMAKE_PREFIX_PATH=/home/atwork/limo_3.0/install/limo_base:/home/atwork/limo_3.0/install/urg_node:/home/atwork/limo_3.0/install/limo_msgs:/home/atwork/limo_3.0/install/limo_description:/home/atwork/limo_3.0/install/wiimote:/home/atwork/limo_3.0/install/wiimote_msgs:/home/atwork/limo_3.0/install/spacenav:/home/atwork/limo_3.0/install/p9n:/home/atwork/limo_3.0/install/p9n_test:/home/atwork/limo_3.0/install/p9n_node:/home/atwork/limo_3.0/install/p9n_example:/home/atwork/limo_3.0/install/joy:/home/atwork/limo_3.0/install/sdl2_vendor:/home/atwork/limo_3.0/install/p9n_interface:/home/atwork/limo_3.0/install/joy_linux:/opt/ros/jazzy/opt/gz_math_vendor:/opt/ros/jazzy/opt/gz_utils_vendor:/opt/ros/jazzy/opt/gz_cmake_vendor DEBUGINFOD_URLS=https://debuginfod.ubuntu.com LD_LIBRARY_PATH=/home/atwork/limo_3.0/install/urg_node/lib:/home/atwork/limo_3.0/install/limo_msgs/lib:/home/atwork/limo_3.0/install/wiimote/lib:/home/atwork/limo_3.0/install/wiimote_msgs/lib:/home/atwork/limo_3.0/install/spacenav/lib:/home/atwork/limo_3.0/install/p9n_test/lib:/home/atwork/limo_3.0/install/p9n_node/lib:/home/atwork/limo_3.0/install/p9n_example/lib:/home/atwork/limo_3.0/install/joy/lib:/home/atwork/limo_3.0/install/p9n_interface/lib:/opt/ros/jazzy/opt/rviz_ogre_vendor/lib:/opt/ros/jazzy/lib/x86_64-linux-gnu:/opt/ros/jazzy/opt/gz_math_vendor/lib:/opt/ros/jazzy/opt/gz_utils_vendor/lib:/opt/ros/jazzy/opt/gz_cmake_vendor/lib:/opt/ros/jazzy/lib PYTHONPATH=/home/atwork/limo_3.0/build/limo_bringup/prefix_override:/usr/lib/python3/dist-packages/colcon_core/task/python/colcon_distutils_commands:/home/atwork/limo_3.0/install/limo_bringup/lib/python3.12/site-packages:/home/atwork/limo_3.0/install/limo_msgs/lib/python3.12/site-packages:/home/atwork/limo_3.0/install/wiimote_msgs/lib/python3.12/site-packages:/home/atwork/limo_3.0/install/limo_bringup/lib/python3.12/site-packages:/home/atwork/limo_3.0/install/p9n_bringup/lib/python3.12/site-packages:/home/atwork/limo_3.0/install/limo_cartographer/lib/python3.12/site-packages:/opt/ros/jazzy/lib/python3.12/site-packages /usr/bin/python3 -W ignore:setup.py install is deprecated -W ignore:easy_install command is deprecated setup.py egg_info --egg-base ../../../build/limo_bringup build --build-base /home/atwork/limo_3.0/build/limo_bringup/build install --record /home/atwork/limo_3.0/build/limo_bringup/install.log --single-version-externally-managed install_data
[3.668s] Level 1:colcon.colcon_core.environment:checking '/home/atwork/limo_3.0/install/p9n_bringup' for CMake module files
[3.668s] Level 1:colcon.colcon_core.environment:checking '/home/atwork/limo_3.0/install/p9n_bringup' for CMake config files
[3.669s] Level 1:colcon.colcon_core.environment:checking '/home/atwork/limo_3.0/install/p9n_bringup/lib'
[3.669s] Level 1:colcon.colcon_core.environment:checking '/home/atwork/limo_3.0/install/p9n_bringup/bin'
[3.669s] Level 1:colcon.colcon_core.environment:checking '/home/atwork/limo_3.0/install/p9n_bringup/lib/pkgconfig/p9n_bringup.pc'
[3.670s] Level 1:colcon.colcon_core.environment:checking '/home/atwork/limo_3.0/install/p9n_bringup/lib/python3.12/site-packages'
[3.670s] Level 1:colcon.colcon_core.shell:create_environment_hook('p9n_bringup', 'pythonpath')
[3.670s] INFO:colcon.colcon_core.shell:Creating environment hook '/home/atwork/limo_3.0/install/p9n_bringup/share/p9n_bringup/hook/pythonpath.ps1'
[3.671s] DEBUG:colcon.colcon_core.event_handler.log_command:Invoked command in '/home/atwork/limo_3.0/src/PlayStation-JoyInterface-ROS2/p9n_bringup' returned '0': CMAKE_PREFIX_PATH=/home/atwork/limo_3.0/install/p9n_node:/home/atwork/limo_3.0/install/joy:/home/atwork/limo_3.0/install/sdl2_vendor:/home/atwork/limo_3.0/install/p9n_interface:/home/atwork/limo_3.0/install/wiimote:/home/atwork/limo_3.0/install/wiimote_msgs:/home/atwork/limo_3.0/install/urg_node:/home/atwork/limo_3.0/install/spacenav:/home/atwork/limo_3.0/install/p9n:/home/atwork/limo_3.0/install/p9n_test:/home/atwork/limo_3.0/install/p9n_example:/home/atwork/limo_3.0/install/limo_base:/home/atwork/limo_3.0/install/limo_msgs:/home/atwork/limo_3.0/install/limo_description:/home/atwork/limo_3.0/install/joy_linux:/opt/ros/jazzy/opt/gz_math_vendor:/opt/ros/jazzy/opt/gz_utils_vendor:/opt/ros/jazzy/opt/gz_cmake_vendor DEBUGINFOD_URLS=https://debuginfod.ubuntu.com LD_LIBRARY_PATH=/home/atwork/limo_3.0/install/p9n_node/lib:/home/atwork/limo_3.0/install/joy/lib:/home/atwork/limo_3.0/install/wiimote/lib:/home/atwork/limo_3.0/install/wiimote_msgs/lib:/home/atwork/limo_3.0/install/urg_node/lib:/home/atwork/limo_3.0/install/spacenav/lib:/home/atwork/limo_3.0/install/p9n_test/lib:/home/atwork/limo_3.0/install/p9n_example/lib:/home/atwork/limo_3.0/install/p9n_interface/lib:/home/atwork/limo_3.0/install/limo_msgs/lib:/opt/ros/jazzy/opt/rviz_ogre_vendor/lib:/opt/ros/jazzy/lib/x86_64-linux-gnu:/opt/ros/jazzy/opt/gz_math_vendor/lib:/opt/ros/jazzy/opt/gz_utils_vendor/lib:/opt/ros/jazzy/opt/gz_cmake_vendor/lib:/opt/ros/jazzy/lib PYTHONPATH=/home/atwork/limo_3.0/build/p9n_bringup/prefix_override:/usr/lib/python3/dist-packages/colcon_core/task/python/colcon_distutils_commands:/home/atwork/limo_3.0/install/p9n_bringup/lib/python3.12/site-packages:${PYTHONPATH} /usr/bin/python3 -W ignore:setup.py install is deprecated -W ignore:easy_install command is deprecated setup.py egg_info --egg-base ../../../build/p9n_bringup build --build-base /home/atwork/limo_3.0/build/p9n_bringup/build install --record /home/atwork/limo_3.0/build/p9n_bringup/install.log --single-version-externally-managed install_data
[3.671s] INFO:colcon.colcon_core.shell:Creating environment descriptor '/home/atwork/limo_3.0/install/p9n_bringup/share/p9n_bringup/hook/pythonpath.dsv'
[3.672s] INFO:colcon.colcon_core.shell:Creating environment hook '/home/atwork/limo_3.0/install/p9n_bringup/share/p9n_bringup/hook/pythonpath.sh'
[3.673s] Level 1:colcon.colcon_core.environment:checking '/home/atwork/limo_3.0/install/p9n_bringup/bin'
[3.673s] Level 1:colcon.colcon_core.environment:create_environment_scripts_only(p9n_bringup)
[3.673s] INFO:colcon.colcon_core.shell:Creating package script '/home/atwork/limo_3.0/install/p9n_bringup/share/p9n_bringup/package.ps1'
[3.674s] INFO:colcon.colcon_core.shell:Creating package descriptor '/home/atwork/limo_3.0/install/p9n_bringup/share/p9n_bringup/package.dsv'
[3.675s] INFO:colcon.colcon_core.shell:Creating package script '/home/atwork/limo_3.0/install/p9n_bringup/share/p9n_bringup/package.sh'
[3.676s] INFO:colcon.colcon_core.shell:Creating package script '/home/atwork/limo_3.0/install/p9n_bringup/share/p9n_bringup/package.bash'
[3.677s] INFO:colcon.colcon_core.shell:Creating package script '/home/atwork/limo_3.0/install/p9n_bringup/share/p9n_bringup/package.zsh'
[3.677s] Level 1:colcon.colcon_core.environment:create_file_with_runtime_dependencies(/home/atwork/limo_3.0/install/p9n_bringup/share/colcon-core/packages/p9n_bringup)
[3.678s] INFO:colcon.colcon_ros.task.ament_cmake.build:Building ROS package in '/home/atwork/limo_3.0/src/PlayStation-JoyInterface-ROS2/p9n' with build type 'ament_cmake'
[3.678s] INFO:colcon.colcon_cmake.task.cmake.build:Building CMake package in '/home/atwork/limo_3.0/src/PlayStation-JoyInterface-ROS2/p9n'
[3.678s] INFO:colcon.colcon_core.shell:Skip shell extension 'powershell' for command environment: Not usable outside of PowerShell
[3.679s] DEBUG:colcon.colcon_core.shell:Skip shell extension 'dsv' for command environment
[3.715s] DEBUG:colcon.colcon_core.event_handler.log_command:Invoking command in '/home/atwork/limo_3.0/build/p9n': AMENT_PREFIX_PATH=/home/atwork/limo_3.0/install/p9n_bringup:/home/atwork/limo_3.0/install/wiimote:/home/atwork/limo_3.0/install/wiimote_msgs:/home/atwork/limo_3.0/install/limo_bringup:/home/atwork/limo_3.0/install/urg_node:/home/atwork/limo_3.0/install/spacenav:/home/atwork/limo_3.0/install/p9n:/home/atwork/limo_3.0/install/p9n_test:/home/atwork/limo_3.0/install/p9n_node:/home/atwork/limo_3.0/install/p9n_example:/home/atwork/limo_3.0/install/joy:/home/atwork/limo_3.0/install/sdl2_vendor:/home/atwork/limo_3.0/install/p9n_interface:/home/atwork/limo_3.0/install/limo_base:/home/atwork/limo_3.0/install/limo_msgs:/home/atwork/limo_3.0/install/limo_description:/home/atwork/limo_3.0/install/limo_cartographer:/home/atwork/limo_3.0/install/joy_linux:/opt/ros/jazzy CMAKE_PREFIX_PATH=/home/atwork/limo_3.0/install/p9n_test:/home/atwork/limo_3.0/install/p9n_node:/home/atwork/limo_3.0/install/p9n_example:/home/atwork/limo_3.0/install/joy:/home/atwork/limo_3.0/install/sdl2_vendor:/home/atwork/limo_3.0/install/p9n_interface:/home/atwork/limo_3.0/install/wiimote:/home/atwork/limo_3.0/install/wiimote_msgs:/home/atwork/limo_3.0/install/urg_node:/home/atwork/limo_3.0/install/spacenav:/home/atwork/limo_3.0/install/p9n:/home/atwork/limo_3.0/install/limo_base:/home/atwork/limo_3.0/install/limo_msgs:/home/atwork/limo_3.0/install/limo_description:/home/atwork/limo_3.0/install/joy_linux:/opt/ros/jazzy/opt/gz_math_vendor:/opt/ros/jazzy/opt/gz_utils_vendor:/opt/ros/jazzy/opt/gz_cmake_vendor:/home/atwork/limo_3.0/install/limo_bringup:/home/atwork/limo_3.0/install/p9n_bringup:/home/atwork/limo_3.0/install/limo_cartographer:/opt/ros/jazzy DEBUGINFOD_URLS=https://debuginfod.ubuntu.com LD_LIBRARY_PATH=/home/atwork/limo_3.0/install/p9n_test/lib:/home/atwork/limo_3.0/install/p9n_node/lib:/home/atwork/limo_3.0/install/p9n_example/lib:/home/atwork/limo_3.0/install/joy/lib:/home/atwork/limo_3.0/install/wiimote/lib:/home/atwork/limo_3.0/install/wiimote_msgs/lib:/home/atwork/limo_3.0/install/urg_node/lib:/home/atwork/limo_3.0/install/spacenav/lib:/home/atwork/limo_3.0/install/p9n_interface/lib:/home/atwork/limo_3.0/install/limo_msgs/lib:/opt/ros/jazzy/opt/rviz_ogre_vendor/lib:/opt/ros/jazzy/lib/x86_64-linux-gnu:/opt/ros/jazzy/opt/gz_math_vendor/lib:/opt/ros/jazzy/opt/gz_utils_vendor/lib:/opt/ros/jazzy/opt/gz_cmake_vendor/lib:/opt/ros/jazzy/lib PYTHONPATH=/home/atwork/limo_3.0/install/p9n_bringup/lib/python3.12/site-packages:/home/atwork/limo_3.0/install/wiimote_msgs/lib/python3.12/site-packages:/home/atwork/limo_3.0/install/limo_bringup/lib/python3.12/site-packages:/home/atwork/limo_3.0/install/limo_msgs/lib/python3.12/site-packages:/home/atwork/limo_3.0/install/limo_cartographer/lib/python3.12/site-packages:/opt/ros/jazzy/lib/python3.12/site-packages /usr/bin/cmake --build /home/atwork/limo_3.0/build/p9n -- -j4 -l4
[3.770s] DEBUG:colcon.colcon_core.event_handler.log_command:Invoked command in '/home/atwork/limo_3.0/build/p9n' returned '0': AMENT_PREFIX_PATH=/home/atwork/limo_3.0/install/p9n_bringup:/home/atwork/limo_3.0/install/wiimote:/home/atwork/limo_3.0/install/wiimote_msgs:/home/atwork/limo_3.0/install/limo_bringup:/home/atwork/limo_3.0/install/urg_node:/home/atwork/limo_3.0/install/spacenav:/home/atwork/limo_3.0/install/p9n:/home/atwork/limo_3.0/install/p9n_test:/home/atwork/limo_3.0/install/p9n_node:/home/atwork/limo_3.0/install/p9n_example:/home/atwork/limo_3.0/install/joy:/home/atwork/limo_3.0/install/sdl2_vendor:/home/atwork/limo_3.0/install/p9n_interface:/home/atwork/limo_3.0/install/limo_base:/home/atwork/limo_3.0/install/limo_msgs:/home/atwork/limo_3.0/install/limo_description:/home/atwork/limo_3.0/install/limo_cartographer:/home/atwork/limo_3.0/install/joy_linux:/opt/ros/jazzy CMAKE_PREFIX_PATH=/home/atwork/limo_3.0/install/p9n_test:/home/atwork/limo_3.0/install/p9n_node:/home/atwork/limo_3.0/install/p9n_example:/home/atwork/limo_3.0/install/joy:/home/atwork/limo_3.0/install/sdl2_vendor:/home/atwork/limo_3.0/install/p9n_interface:/home/atwork/limo_3.0/install/wiimote:/home/atwork/limo_3.0/install/wiimote_msgs:/home/atwork/limo_3.0/install/urg_node:/home/atwork/limo_3.0/install/spacenav:/home/atwork/limo_3.0/install/p9n:/home/atwork/limo_3.0/install/limo_base:/home/atwork/limo_3.0/install/limo_msgs:/home/atwork/limo_3.0/install/limo_description:/home/atwork/limo_3.0/install/joy_linux:/opt/ros/jazzy/opt/gz_math_vendor:/opt/ros/jazzy/opt/gz_utils_vendor:/opt/ros/jazzy/opt/gz_cmake_vendor:/home/atwork/limo_3.0/install/limo_bringup:/home/atwork/limo_3.0/install/p9n_bringup:/home/atwork/limo_3.0/install/limo_cartographer:/opt/ros/jazzy DEBUGINFOD_URLS=https://debuginfod.ubuntu.com LD_LIBRARY_PATH=/home/atwork/limo_3.0/install/p9n_test/lib:/home/atwork/limo_3.0/install/p9n_node/lib:/home/atwork/limo_3.0/install/p9n_example/lib:/home/atwork/limo_3.0/install/joy/lib:/home/atwork/limo_3.0/install/wiimote/lib:/home/atwork/limo_3.0/install/wiimote_msgs/lib:/home/atwork/limo_3.0/install/urg_node/lib:/home/atwork/limo_3.0/install/spacenav/lib:/home/atwork/limo_3.0/install/p9n_interface/lib:/home/atwork/limo_3.0/install/limo_msgs/lib:/opt/ros/jazzy/opt/rviz_ogre_vendor/lib:/opt/ros/jazzy/lib/x86_64-linux-gnu:/opt/ros/jazzy/opt/gz_math_vendor/lib:/opt/ros/jazzy/opt/gz_utils_vendor/lib:/opt/ros/jazzy/opt/gz_cmake_vendor/lib:/opt/ros/jazzy/lib PYTHONPATH=/home/atwork/limo_3.0/install/p9n_bringup/lib/python3.12/site-packages:/home/atwork/limo_3.0/install/wiimote_msgs/lib/python3.12/site-packages:/home/atwork/limo_3.0/install/limo_bringup/lib/python3.12/site-packages:/home/atwork/limo_3.0/install/limo_msgs/lib/python3.12/site-packages:/home/atwork/limo_3.0/install/limo_cartographer/lib/python3.12/site-packages:/opt/ros/jazzy/lib/python3.12/site-packages /usr/bin/cmake --build /home/atwork/limo_3.0/build/p9n -- -j4 -l4
[3.771s] DEBUG:colcon.colcon_core.event_handler.log_command:Invoking command in '/home/atwork/limo_3.0/build/p9n': AMENT_PREFIX_PATH=/home/atwork/limo_3.0/install/p9n_bringup:/home/atwork/limo_3.0/install/wiimote:/home/atwork/limo_3.0/install/wiimote_msgs:/home/atwork/limo_3.0/install/limo_bringup:/home/atwork/limo_3.0/install/urg_node:/home/atwork/limo_3.0/install/spacenav:/home/atwork/limo_3.0/install/p9n:/home/atwork/limo_3.0/install/p9n_test:/home/atwork/limo_3.0/install/p9n_node:/home/atwork/limo_3.0/install/p9n_example:/home/atwork/limo_3.0/install/joy:/home/atwork/limo_3.0/install/sdl2_vendor:/home/atwork/limo_3.0/install/p9n_interface:/home/atwork/limo_3.0/install/limo_base:/home/atwork/limo_3.0/install/limo_msgs:/home/atwork/limo_3.0/install/limo_description:/home/atwork/limo_3.0/install/limo_cartographer:/home/atwork/limo_3.0/install/joy_linux:/opt/ros/jazzy CMAKE_PREFIX_PATH=/home/atwork/limo_3.0/install/p9n_test:/home/atwork/limo_3.0/install/p9n_node:/home/atwork/limo_3.0/install/p9n_example:/home/atwork/limo_3.0/install/joy:/home/atwork/limo_3.0/install/sdl2_vendor:/home/atwork/limo_3.0/install/p9n_interface:/home/atwork/limo_3.0/install/wiimote:/home/atwork/limo_3.0/install/wiimote_msgs:/home/atwork/limo_3.0/install/urg_node:/home/atwork/limo_3.0/install/spacenav:/home/atwork/limo_3.0/install/p9n:/home/atwork/limo_3.0/install/limo_base:/home/atwork/limo_3.0/install/limo_msgs:/home/atwork/limo_3.0/install/limo_description:/home/atwork/limo_3.0/install/joy_linux:/opt/ros/jazzy/opt/gz_math_vendor:/opt/ros/jazzy/opt/gz_utils_vendor:/opt/ros/jazzy/opt/gz_cmake_vendor:/home/atwork/limo_3.0/install/limo_bringup:/home/atwork/limo_3.0/install/p9n_bringup:/home/atwork/limo_3.0/install/limo_cartographer:/opt/ros/jazzy DEBUGINFOD_URLS=https://debuginfod.ubuntu.com LD_LIBRARY_PATH=/home/atwork/limo_3.0/install/p9n_test/lib:/home/atwork/limo_3.0/install/p9n_node/lib:/home/atwork/limo_3.0/install/p9n_example/lib:/home/atwork/limo_3.0/install/joy/lib:/home/atwork/limo_3.0/install/wiimote/lib:/home/atwork/limo_3.0/install/wiimote_msgs/lib:/home/atwork/limo_3.0/install/urg_node/lib:/home/atwork/limo_3.0/install/spacenav/lib:/home/atwork/limo_3.0/install/p9n_interface/lib:/home/atwork/limo_3.0/install/limo_msgs/lib:/opt/ros/jazzy/opt/rviz_ogre_vendor/lib:/opt/ros/jazzy/lib/x86_64-linux-gnu:/opt/ros/jazzy/opt/gz_math_vendor/lib:/opt/ros/jazzy/opt/gz_utils_vendor/lib:/opt/ros/jazzy/opt/gz_cmake_vendor/lib:/opt/ros/jazzy/lib PYTHONPATH=/home/atwork/limo_3.0/install/p9n_bringup/lib/python3.12/site-packages:/home/atwork/limo_3.0/install/wiimote_msgs/lib/python3.12/site-packages:/home/atwork/limo_3.0/install/limo_bringup/lib/python3.12/site-packages:/home/atwork/limo_3.0/install/limo_msgs/lib/python3.12/site-packages:/home/atwork/limo_3.0/install/limo_cartographer/lib/python3.12/site-packages:/opt/ros/jazzy/lib/python3.12/site-packages /usr/bin/cmake --install /home/atwork/limo_3.0/build/p9n
[3.785s] Level 1:colcon.colcon_core.environment:create_environment_scripts_only(p9n)
[3.785s] Level 1:colcon.colcon_core.environment:checking '/home/atwork/limo_3.0/install/p9n' for CMake module files
[3.786s] Level 1:colcon.colcon_core.environment:checking '/home/atwork/limo_3.0/install/p9n' for CMake config files
[3.787s] Level 1:colcon.colcon_core.shell:create_environment_hook('p9n', 'cmake_prefix_path')
[3.788s] INFO:colcon.colcon_core.shell:Creating environment hook '/home/atwork/limo_3.0/install/p9n/share/p9n/hook/cmake_prefix_path.ps1'
[3.788s] INFO:colcon.colcon_core.shell:Creating environment descriptor '/home/atwork/limo_3.0/install/p9n/share/p9n/hook/cmake_prefix_path.dsv'
[3.789s] INFO:colcon.colcon_core.shell:Creating environment hook '/home/atwork/limo_3.0/install/p9n/share/p9n/hook/cmake_prefix_path.sh'
[3.789s] Level 1:colcon.colcon_core.environment:checking '/home/atwork/limo_3.0/install/p9n/bin'
[3.789s] Level 1:colcon.colcon_core.environment:checking '/home/atwork/limo_3.0/install/p9n/lib/pkgconfig/p9n.pc'
[3.790s] Level 1:colcon.colcon_core.environment:checking '/home/atwork/limo_3.0/install/p9n/lib/python3.12/site-packages'
[3.790s] Level 1:colcon.colcon_core.environment:checking '/home/atwork/limo_3.0/install/p9n/bin'
[3.791s] DEBUG:colcon.colcon_core.event_handler.log_command:Invoked command in '/home/atwork/limo_3.0/build/p9n' returned '0': AMENT_PREFIX_PATH=/home/atwork/limo_3.0/install/p9n_bringup:/home/atwork/limo_3.0/install/wiimote:/home/atwork/limo_3.0/install/wiimote_msgs:/home/atwork/limo_3.0/install/limo_bringup:/home/atwork/limo_3.0/install/urg_node:/home/atwork/limo_3.0/install/spacenav:/home/atwork/limo_3.0/install/p9n:/home/atwork/limo_3.0/install/p9n_test:/home/atwork/limo_3.0/install/p9n_node:/home/atwork/limo_3.0/install/p9n_example:/home/atwork/limo_3.0/install/joy:/home/atwork/limo_3.0/install/sdl2_vendor:/home/atwork/limo_3.0/install/p9n_interface:/home/atwork/limo_3.0/install/limo_base:/home/atwork/limo_3.0/install/limo_msgs:/home/atwork/limo_3.0/install/limo_description:/home/atwork/limo_3.0/install/limo_cartographer:/home/atwork/limo_3.0/install/joy_linux:/opt/ros/jazzy CMAKE_PREFIX_PATH=/home/atwork/limo_3.0/install/p9n_test:/home/atwork/limo_3.0/install/p9n_node:/home/atwork/limo_3.0/install/p9n_example:/home/atwork/limo_3.0/install/joy:/home/atwork/limo_3.0/install/sdl2_vendor:/home/atwork/limo_3.0/install/p9n_interface:/home/atwork/limo_3.0/install/wiimote:/home/atwork/limo_3.0/install/wiimote_msgs:/home/atwork/limo_3.0/install/urg_node:/home/atwork/limo_3.0/install/spacenav:/home/atwork/limo_3.0/install/p9n:/home/atwork/limo_3.0/install/limo_base:/home/atwork/limo_3.0/install/limo_msgs:/home/atwork/limo_3.0/install/limo_description:/home/atwork/limo_3.0/install/joy_linux:/opt/ros/jazzy/opt/gz_math_vendor:/opt/ros/jazzy/opt/gz_utils_vendor:/opt/ros/jazzy/opt/gz_cmake_vendor:/home/atwork/limo_3.0/install/limo_bringup:/home/atwork/limo_3.0/install/p9n_bringup:/home/atwork/limo_3.0/install/limo_cartographer:/opt/ros/jazzy DEBUGINFOD_URLS=https://debuginfod.ubuntu.com LD_LIBRARY_PATH=/home/atwork/limo_3.0/install/p9n_test/lib:/home/atwork/limo_3.0/install/p9n_node/lib:/home/atwork/limo_3.0/install/p9n_example/lib:/home/atwork/limo_3.0/install/joy/lib:/home/atwork/limo_3.0/install/wiimote/lib:/home/atwork/limo_3.0/install/wiimote_msgs/lib:/home/atwork/limo_3.0/install/urg_node/lib:/home/atwork/limo_3.0/install/spacenav/lib:/home/atwork/limo_3.0/install/p9n_interface/lib:/home/atwork/limo_3.0/install/limo_msgs/lib:/opt/ros/jazzy/opt/rviz_ogre_vendor/lib:/opt/ros/jazzy/lib/x86_64-linux-gnu:/opt/ros/jazzy/opt/gz_math_vendor/lib:/opt/ros/jazzy/opt/gz_utils_vendor/lib:/opt/ros/jazzy/opt/gz_cmake_vendor/lib:/opt/ros/jazzy/lib PYTHONPATH=/home/atwork/limo_3.0/install/p9n_bringup/lib/python3.12/site-packages:/home/atwork/limo_3.0/install/wiimote_msgs/lib/python3.12/site-packages:/home/atwork/limo_3.0/install/limo_bringup/lib/python3.12/site-packages:/home/atwork/limo_3.0/install/limo_msgs/lib/python3.12/site-packages:/home/atwork/limo_3.0/install/limo_cartographer/lib/python3.12/site-packages:/opt/ros/jazzy/lib/python3.12/site-packages /usr/bin/cmake --install /home/atwork/limo_3.0/build/p9n
[3.791s] INFO:colcon.colcon_core.shell:Creating package script '/home/atwork/limo_3.0/install/p9n/share/p9n/package.ps1'
[3.792s] INFO:colcon.colcon_core.shell:Creating package descriptor '/home/atwork/limo_3.0/install/p9n/share/p9n/package.dsv'
[3.793s] INFO:colcon.colcon_core.shell:Creating package script '/home/atwork/limo_3.0/install/p9n/share/p9n/package.sh'
[3.793s] INFO:colcon.colcon_core.shell:Creating package script '/home/atwork/limo_3.0/install/p9n/share/p9n/package.bash'
[3.794s] INFO:colcon.colcon_core.shell:Creating package script '/home/atwork/limo_3.0/install/p9n/share/p9n/package.zsh'
[3.794s] Level 1:colcon.colcon_core.environment:create_file_with_runtime_dependencies(/home/atwork/limo_3.0/install/p9n/share/colcon-core/packages/p9n)
[3.795s] Level 1:colcon.colcon_core.environment:create_environment_scripts_only(p9n)
[3.795s] Level 1:colcon.colcon_core.environment:checking '/home/atwork/limo_3.0/install/p9n' for CMake module files
[3.796s] Level 1:colcon.colcon_core.environment:checking '/home/atwork/limo_3.0/install/p9n' for CMake config files
[3.796s] Level 1:colcon.colcon_core.shell:create_environment_hook('p9n', 'cmake_prefix_path')
[3.796s] INFO:colcon.colcon_core.shell:Creating environment hook '/home/atwork/limo_3.0/install/p9n/share/p9n/hook/cmake_prefix_path.ps1'
[3.797s] INFO:colcon.colcon_core.shell:Creating environment descriptor '/home/atwork/limo_3.0/install/p9n/share/p9n/hook/cmake_prefix_path.dsv'
[3.798s] INFO:colcon.colcon_core.shell:Creating environment hook '/home/atwork/limo_3.0/install/p9n/share/p9n/hook/cmake_prefix_path.sh'
[3.799s] Level 1:colcon.colcon_core.environment:checking '/home/atwork/limo_3.0/install/p9n/bin'
[3.799s] Level 1:colcon.colcon_core.environment:checking '/home/atwork/limo_3.0/install/p9n/lib/pkgconfig/p9n.pc'
[3.799s] Level 1:colcon.colcon_core.environment:checking '/home/atwork/limo_3.0/install/p9n/lib/python3.12/site-packages'
[3.800s] Level 1:colcon.colcon_core.environment:checking '/home/atwork/limo_3.0/install/p9n/bin'
[3.800s] INFO:colcon.colcon_core.shell:Creating package script '/home/atwork/limo_3.0/install/p9n/share/p9n/package.ps1'
[3.801s] INFO:colcon.colcon_core.shell:Creating package descriptor '/home/atwork/limo_3.0/install/p9n/share/p9n/package.dsv'
[3.802s] INFO:colcon.colcon_core.shell:Creating package script '/home/atwork/limo_3.0/install/p9n/share/p9n/package.sh'
[3.802s] INFO:colcon.colcon_core.shell:Creating package script '/home/atwork/limo_3.0/install/p9n/share/p9n/package.bash'
[3.803s] INFO:colcon.colcon_core.shell:Creating package script '/home/atwork/limo_3.0/install/p9n/share/p9n/package.zsh'
[3.804s] Level 1:colcon.colcon_core.environment:create_file_with_runtime_dependencies(/home/atwork/limo_3.0/install/p9n/share/colcon-core/packages/p9n)
[3.955s] Level 1:colcon.colcon_core.environment:checking '/home/atwork/limo_3.0/install/limo_cartographer' for CMake module files
[3.956s] DEBUG:colcon.colcon_core.event_handler.log_command:Invoked command in '/home/atwork/limo_3.0/src/limo_cartographer' returned '0': DEBUGINFOD_URLS=https://debuginfod.ubuntu.com PYTHONPATH=/home/atwork/limo_3.0/build/limo_cartographer/prefix_override:/usr/lib/python3/dist-packages/colcon_core/task/python/colcon_distutils_commands:/home/atwork/limo_3.0/install/limo_cartographer/lib/python3.12/site-packages:${PYTHONPATH} /usr/bin/python3 -W ignore:setup.py install is deprecated -W ignore:easy_install command is deprecated setup.py egg_info --egg-base ../../build/limo_cartographer build --build-base /home/atwork/limo_3.0/build/limo_cartographer/build install --record /home/atwork/limo_3.0/build/limo_cartographer/install.log --single-version-externally-managed install_data
[3.956s] Level 1:colcon.colcon_core.environment:checking '/home/atwork/limo_3.0/install/limo_cartographer' for CMake config files
[3.957s] Level 1:colcon.colcon_core.environment:checking '/home/atwork/limo_3.0/install/limo_cartographer/lib'
[3.957s] Level 1:colcon.colcon_core.environment:checking '/home/atwork/limo_3.0/install/limo_cartographer/bin'
[3.957s] Level 1:colcon.colcon_core.environment:checking '/home/atwork/limo_3.0/install/limo_cartographer/lib/pkgconfig/limo_cartographer.pc'
[3.958s] Level 1:colcon.colcon_core.environment:checking '/home/atwork/limo_3.0/install/limo_cartographer/lib/python3.12/site-packages'
[3.958s] Level 1:colcon.colcon_core.shell:create_environment_hook('limo_cartographer', 'pythonpath')
[3.958s] INFO:colcon.colcon_core.shell:Creating environment hook '/home/atwork/limo_3.0/install/limo_cartographer/share/limo_cartographer/hook/pythonpath.ps1'
[3.959s] INFO:colcon.colcon_core.shell:Creating environment descriptor '/home/atwork/limo_3.0/install/limo_cartographer/share/limo_cartographer/hook/pythonpath.dsv'
[3.959s] INFO:colcon.colcon_core.shell:Creating environment hook '/home/atwork/limo_3.0/install/limo_cartographer/share/limo_cartographer/hook/pythonpath.sh'
[3.960s] Level 1:colcon.colcon_core.environment:checking '/home/atwork/limo_3.0/install/limo_cartographer/bin'
[3.960s] Level 1:colcon.colcon_core.environment:create_environment_scripts_only(limo_cartographer)
[3.961s] INFO:colcon.colcon_core.shell:Creating package script '/home/atwork/limo_3.0/install/limo_cartographer/share/limo_cartographer/package.ps1'
[3.961s] INFO:colcon.colcon_core.shell:Creating package descriptor '/home/atwork/limo_3.0/install/limo_cartographer/share/limo_cartographer/package.dsv'
[3.962s] INFO:colcon.colcon_core.shell:Creating package script '/home/atwork/limo_3.0/install/limo_cartographer/share/limo_cartographer/package.sh'
[3.962s] INFO:colcon.colcon_core.shell:Creating package script '/home/atwork/limo_3.0/install/limo_cartographer/share/limo_cartographer/package.bash'
[3.963s] INFO:colcon.colcon_core.shell:Creating package script '/home/atwork/limo_3.0/install/limo_cartographer/share/limo_cartographer/package.zsh'
[3.963s] Level 1:colcon.colcon_core.environment:create_file_with_runtime_dependencies(/home/atwork/limo_3.0/install/limo_cartographer/share/colcon-core/packages/limo_cartographer)
[4.025s] Level 1:colcon.colcon_core.environment:checking '/home/atwork/limo_3.0/install/limo_bringup' for CMake module files
[4.025s] DEBUG:colcon.colcon_core.event_handler.log_command:Invoked command in '/home/atwork/limo_3.0/src/limo_ros2/limo_bringup' returned '0': CMAKE_PREFIX_PATH=/home/atwork/limo_3.0/install/limo_base:/home/atwork/limo_3.0/install/urg_node:/home/atwork/limo_3.0/install/limo_msgs:/home/atwork/limo_3.0/install/limo_description:/home/atwork/limo_3.0/install/wiimote:/home/atwork/limo_3.0/install/wiimote_msgs:/home/atwork/limo_3.0/install/spacenav:/home/atwork/limo_3.0/install/p9n:/home/atwork/limo_3.0/install/p9n_test:/home/atwork/limo_3.0/install/p9n_node:/home/atwork/limo_3.0/install/p9n_example:/home/atwork/limo_3.0/install/joy:/home/atwork/limo_3.0/install/sdl2_vendor:/home/atwork/limo_3.0/install/p9n_interface:/home/atwork/limo_3.0/install/joy_linux:/opt/ros/jazzy/opt/gz_math_vendor:/opt/ros/jazzy/opt/gz_utils_vendor:/opt/ros/jazzy/opt/gz_cmake_vendor DEBUGINFOD_URLS=https://debuginfod.ubuntu.com LD_LIBRARY_PATH=/home/atwork/limo_3.0/install/urg_node/lib:/home/atwork/limo_3.0/install/limo_msgs/lib:/home/atwork/limo_3.0/install/wiimote/lib:/home/atwork/limo_3.0/install/wiimote_msgs/lib:/home/atwork/limo_3.0/install/spacenav/lib:/home/atwork/limo_3.0/install/p9n_test/lib:/home/atwork/limo_3.0/install/p9n_node/lib:/home/atwork/limo_3.0/install/p9n_example/lib:/home/atwork/limo_3.0/install/joy/lib:/home/atwork/limo_3.0/install/p9n_interface/lib:/opt/ros/jazzy/opt/rviz_ogre_vendor/lib:/opt/ros/jazzy/lib/x86_64-linux-gnu:/opt/ros/jazzy/opt/gz_math_vendor/lib:/opt/ros/jazzy/opt/gz_utils_vendor/lib:/opt/ros/jazzy/opt/gz_cmake_vendor/lib:/opt/ros/jazzy/lib PYTHONPATH=/home/atwork/limo_3.0/build/limo_bringup/prefix_override:/usr/lib/python3/dist-packages/colcon_core/task/python/colcon_distutils_commands:/home/atwork/limo_3.0/install/limo_bringup/lib/python3.12/site-packages:/home/atwork/limo_3.0/install/limo_msgs/lib/python3.12/site-packages:/home/atwork/limo_3.0/install/wiimote_msgs/lib/python3.12/site-packages:/home/atwork/limo_3.0/install/limo_bringup/lib/python3.12/site-packages:/home/atwork/limo_3.0/install/p9n_bringup/lib/python3.12/site-packages:/home/atwork/limo_3.0/install/limo_cartographer/lib/python3.12/site-packages:/opt/ros/jazzy/lib/python3.12/site-packages /usr/bin/python3 -W ignore:setup.py install is deprecated -W ignore:easy_install command is deprecated setup.py egg_info --egg-base ../../../build/limo_bringup build --build-base /home/atwork/limo_3.0/build/limo_bringup/build install --record /home/atwork/limo_3.0/build/limo_bringup/install.log --single-version-externally-managed install_data
[4.026s] Level 1:colcon.colcon_core.environment:checking '/home/atwork/limo_3.0/install/limo_bringup' for CMake config files
[4.026s] Level 1:colcon.colcon_core.environment:checking '/home/atwork/limo_3.0/install/limo_bringup/lib'
[4.026s] Level 1:colcon.colcon_core.environment:checking '/home/atwork/limo_3.0/install/limo_bringup/bin'
[4.026s] Level 1:colcon.colcon_core.environment:checking '/home/atwork/limo_3.0/install/limo_bringup/lib/pkgconfig/limo_bringup.pc'
[4.027s] Level 1:colcon.colcon_core.environment:checking '/home/atwork/limo_3.0/install/limo_bringup/lib/python3.12/site-packages'
[4.027s] Level 1:colcon.colcon_core.shell:create_environment_hook('limo_bringup', 'pythonpath')
[4.027s] INFO:colcon.colcon_core.shell:Creating environment hook '/home/atwork/limo_3.0/install/limo_bringup/share/limo_bringup/hook/pythonpath.ps1'
[4.027s] INFO:colcon.colcon_core.shell:Creating environment descriptor '/home/atwork/limo_3.0/install/limo_bringup/share/limo_bringup/hook/pythonpath.dsv'
[4.028s] INFO:colcon.colcon_core.shell:Creating environment hook '/home/atwork/limo_3.0/install/limo_bringup/share/limo_bringup/hook/pythonpath.sh'
[4.028s] Level 1:colcon.colcon_core.environment:checking '/home/atwork/limo_3.0/install/limo_bringup/bin'
[4.028s] Level 1:colcon.colcon_core.environment:create_environment_scripts_only(limo_bringup)
[4.029s] INFO:colcon.colcon_core.shell:Creating package script '/home/atwork/limo_3.0/install/limo_bringup/share/limo_bringup/package.ps1'
[4.029s] INFO:colcon.colcon_core.shell:Creating package descriptor '/home/atwork/limo_3.0/install/limo_bringup/share/limo_bringup/package.dsv'
[4.029s] INFO:colcon.colcon_core.shell:Creating package script '/home/atwork/limo_3.0/install/limo_bringup/share/limo_bringup/package.sh'
[4.030s] INFO:colcon.colcon_core.shell:Creating package script '/home/atwork/limo_3.0/install/limo_bringup/share/limo_bringup/package.bash'
[4.030s] INFO:colcon.colcon_core.shell:Creating package script '/home/atwork/limo_3.0/install/limo_bringup/share/limo_bringup/package.zsh'
[4.030s] Level 1:colcon.colcon_core.environment:create_file_with_runtime_dependencies(/home/atwork/limo_3.0/install/limo_bringup/share/colcon-core/packages/limo_bringup)
[4.031s] DEBUG:colcon.colcon_parallel_executor.executor.parallel:closing loop
[4.031s] DEBUG:colcon.colcon_parallel_executor.executor.parallel:loop closed
[4.031s] DEBUG:colcon.colcon_parallel_executor.executor.parallel:run_until_complete finished with '0'
[4.031s] DEBUG:colcon.colcon_core.event_reactor:joining thread
[4.051s] INFO:colcon.colcon_core.plugin_system:Skipping extension 'colcon_notification.desktop_notification.terminal_notifier': Not used on non-Darwin systems
[4.051s] INFO:colcon.colcon_core.plugin_system:Skipping extension 'colcon_notification.desktop_notification.win32': Not used on non-Windows systems
[4.051s] INFO:colcon.colcon_notification.desktop_notification:Sending desktop notification using 'notify2'
[4.064s] DEBUG:colcon.colcon_core.event_reactor:joined thread
[4.065s] INFO:colcon.colcon_core.shell:Creating prefix script '/home/atwork/limo_3.0/install/local_setup.ps1'
[4.066s] INFO:colcon.colcon_core.shell:Creating prefix util module '/home/atwork/limo_3.0/install/_local_setup_util_ps1.py'
[4.068s] INFO:colcon.colcon_core.shell:Creating prefix chain script '/home/atwork/limo_3.0/install/setup.ps1'
[4.070s] INFO:colcon.colcon_core.shell:Creating prefix script '/home/atwork/limo_3.0/install/local_setup.sh'
[4.071s] INFO:colcon.colcon_core.shell:Creating prefix util module '/home/atwork/limo_3.0/install/_local_setup_util_sh.py'
[4.071s] INFO:colcon.colcon_core.shell:Creating prefix chain script '/home/atwork/limo_3.0/install/setup.sh'
[4.073s] INFO:colcon.colcon_core.shell:Creating prefix script '/home/atwork/limo_3.0/install/local_setup.bash'
[4.073s] INFO:colcon.colcon_core.shell:Creating prefix chain script '/home/atwork/limo_3.0/install/setup.bash'
[4.075s] INFO:colcon.colcon_core.shell:Creating prefix script '/home/atwork/limo_3.0/install/local_setup.zsh'
[4.076s] INFO:colcon.colcon_core.shell:Creating prefix chain script '/home/atwork/limo_3.0/install/setup.zsh'
